index,text
[SWCCHKCW]_[AB-C],CARIOLIPIN AB
[SWCCHKCW]_[ACNE],ERYACNE
[SWCCHKCW]_[AMH],ANTI MULLERIAN HORMONE
[SWCCHKCW]_[AMO],AMOXYCILLIN CAP 250MG
[SWCCHKCW]_[ANA1],SYNFLEX 275
[SWCCHKCW]_[ANA2],SYNFLEX 550
[SWCCHKCW]_[ANF],ANTI NUCLEAR FACTOR 5ML PLAIN
[SWCCHKCW]_[ANTI],ANTI CARDIOLIPIN ANTIBODY IGG
[SWCCHKCW]_[APO-H],APO-HYDRO 25MG
[SWCCHKCW]_[AZO],DANAZOL
[SWCCHKCW]_[BACT5],BACTROBAN CREAM 5GM
[SWCCHKCW]_[BEC],BECAME
[SWCCHKCW]_[BIO 6],BIO 6 PROBIOTIC
[SWCCHKCW]_[BIS],BISOLVON TAB 8MG
[SWCCHKCW]_[BOO],WHOOPING COUGH VACCINE
[SWCCHKCW]_[BRO],BROMOCRIPTIN 2.5MG
[SWCCHKCW]_[C3C],CYCLO 3 CREAM
[SWCCHKCW]_[C5],CONSULTATION
[SWCCHKCW]_[CAD],CA+VITD
[SWCCHKCW]_[CAL],CALCIUM
[SWCCHKCW]_[CALA],CALAMINE LOTION 150 ML
[SWCCHKCW]_[CALD],CALD
[SWCCHKCW]_[CAR],ULTRACARBON
[SWCCHKCW]_[CEF],CEFALEXIN
[SWCCHKCW]_[CEP],CEPLAXIN 250MG
[SWCCHKCW]_[CER],CERVARIX
[SWCCHKCW]_[CIT],CITANEST
[SWCCHKCW]_[CLA],CLAMOVID 625
[SWCCHKCW]_[CLI],CLIMEN
[SWCCHKCW]_[CLO],CLOMIPHENE 50MG
[SWCCHKCW]_[CM],TS6 CLEANSING MOUSE
[SWCCHKCW]_[CMV],CYTOMEGALOVIRUS-IGG
[SWCCHKCW]_[COF],COFSILS
[SWCCHKCW]_[COM],COMBIDERM
[SWCCHKCW]_[COUGH],ANTIHUS
[SWCCHKCW]_[CP],CARDIPRIN 100
[SWCCHKCW]_[CV],CALCIUM WITH VITAMIN C
[SWCCHKCW]_[CYC],CYCLO 3 FORT
[SWCCHKCW]_[CYK],CYKLOKAPRON
[SWCCHKCW]_[CYT1],CYTEAL WITHOUT DOUCHE
[SWCCHKCW]_[CYT2],CYTEAL WITH DOUCHE
[SWCCHKCW]_[CYTO],CYTOTEC 200UG
[SWCCHKCW]_[DECA],DECAPEPTYL INJECTION
[SWCCHKCW]_[DEPO],DEPO-PROVERA 150MG/3ML
[SWCCHKCW]_[DEX],DEXCOPHAN
[SWCCHKCW]_[DHA],PROLACTA WITH DHA
[SWCCHKCW]_[DIA],DIANE 35
[SWCCHKCW]_[DIC],DICLECTIN
[SWCCHKCW]_[DIEN],DIENOSIS
[SWCCHKCW]_[DIF],DIFLUCAN 150MG
[SWCCHKCW]_[DIM],DIMENHYDRINATE
[SWCCHKCW]_[DIP],DIPROSPAN
[SWCCHKCW]_[DIS],DISPRIN
[SWCCHKCW]_[DOR],DORMICUM AMP
[SWCCHKCW]_[DU],DUPHASTON
[SWCCHKCW]_[ELLA],ELLA
[SWCCHKCW]_[EOV],EXCISION OF VULVA
[SWCCHKCW]_[ERY],ERYTHROMYCIN 250MG
[SWCCHKCW]_[ERYD],ERYDERM SOLUTION
[SWCCHKCW]_[ESMYA],ULIPRISTAL ACETATE
[SWCCHKCW]_[EV],EVRA PATCHES
[SWCCHKCW]_[EVI],EVISTA
[SWCCHKCW]_[FASIGY],FASIGYN
[SWCCHKCW]_[FCG],FEMININE CLEANING GEL
[SWCCHKCW]_[FCM],CANCER SCREEN CA01 8ML GEL
[SWCCHKCW]_[FE/TIB],IRON & TIBC (6ML PLAIN)
[SWCCHKCW]_[FIB],FIB-EASE
[SWCCHKCW]_[FLU],FLUIMUCIL A 600 MUCOLYTIC
[SWCCHKCW]_[FLU V],FLU VACCINE
[SWCCHKCW]_[FO],FLEET ORAL
[SWCCHKCW]_[FOL],FOLIC ACID
[SWCCHKCW]_[FUC],BUSCOPAN
[SWCCHKCW]_[GAR9],GARDASIL9
[SWCCHKCW]_[G-BALANCE],PROMAMA GLUCOSE BALANCE
[SWCCHKCW]_[GTO],GYNO TROSYD 4.6G OINT
[SWCCHKCW]_[GTP],GYNO TROSYD PESSARY
[SWCCHKCW]_[GYNE],GYNERA
[SWCCHKCW]_[ID],INCISSION & DRAINAGE
[SWCCHKCW]_[IRONYL],CARBONYL IRON
[SWCCHKCW]_[IUD],IUCD INSERTION
[SWCCHKCW]_[KLIO],KLIOGEST 28 TABLETS
[SWCCHKCW]_[KY],KY JELLY
[SWCCHKCW]_[LA],LA LIGNOCAINE
[SWCCHKCW]_[LACT],LACTAGREEK
[SWCCHKCW]_[LACTULOSE],LACTULOSE
[SWCCHKCW]_[LETE],LETERO
[SWCCHKCW]_[LIV],LIVIAL
[SWCCHKCW]_[LOM],LOMOTIL TAB
[SWCCHKCW]_[LUC],LUCRIN
[SWCCHKCW]_[M],BAL AFTER MEDISAVE DEDUCTION
[SWCCHKCW]_[MAT],MATERNITY BELT
[SWCCHKCW]_[MB],ABC
[SWCCHKCW]_[ME],METRODIN HP
[SWCCHKCW]_[MEDICINE],PROGESTERONE
[SWCCHKCW]_[MEDO],MEDOFLUCON
[SWCCHKCW]_[MERC],MERCILON PILL
[SWCCHKCW]_[MET],METHYLDOPA 250MG
[SWCCHKCW]_[metf],metfomin
[SWCCHKCW]_[METHO],METHOTREXATE 50MG
[SWCCHKCW]_[METR],METROZINE 200MG
[SWCCHKCW]_[MINO],MINOCYCLINE 50MG
[SWCCHKCW]_[MIUD],MIRENA INSERTION
[SWCCHKCW]_[MO],MONUROL
[SWCCHKCW]_[MOTHER'S MILK PROUCTION],LACTAGREEK
[SWCCHKCW]_[MU],MUCOZA
[SWCCHKCW]_[MUC],MUCAINE
[SWCCHKCW]_[MUCI],MUCILIN POWDER
[SWCCHKCW]_[MUP],MUPIROCIN OINTMENT
[SWCCHKCW]_[MYC],MYCORAL
[SWCCHKCW]_[NAL],NALADOR
[SWCCHKCW]_[NALI],NALIDIXIC ACID 500MG
[SWCCHKCW]_[NATA],NATABEC
[SWCCHKCW]_[NATAL],PRENATAL (PLEASE DO NOT KEY IN~ ITEM INACTIVE)
[SWCCHKCW]_[NE],NORISTERONE 5MG
[SWCCHKCW]_[NEO],NEODERM CREAM 15GM
[SWCCHKCW]_[NEOP],NEO-PENOTRAN
[SWCCHKCW]_[NEU],NEURUBION
[SWCCHKCW]_[NIFED],NIFEDIPINE
[SWCCHKCW]_[NORMAL SALINE],N/S
[SWCCHKCW]_[OES],OESTROGEL
[SWCCHKCW]_[OSTEO],OSTEOPLUS
[SWCCHKCW]_[P],ANTENATAL PACKAGE
[SWCCHKCW]_[P2],PREMELLE 2.5MG
[SWCCHKCW]_[P5],PREMELLE 5
[SWCCHKCW]_[PANA],PANADOL
[SWCCHKCW]_[PANB],PANBESY 30 MG CAPSULE
[SWCCHKCW]_[PAND],PANADEINE 500MG
[SWCCHKCW]_[PIR],CHLORPHENIRAMINE TAB 4MG
[SWCCHKCW]_[PO],PROCTOSEDYL OINTMENT 15G
[SWCCHKCW]_[POL],POLYGYNAX PESSARY
[SWCCHKCW]_[PONSTAN],PONSTAN
[SWCCHKCW]_[PREG],PREGNYL
[SWCCHKCW]_[PREMA],PREMARIN 0.625MG
[SWCCHKCW]_[PREMI],PREMARIN INJECTION
[SWCCHKCW]_[PREN],PRENATAL TAB
[SWCCHKCW]_[PRG],PROTOLOG CREAM
[SWCCHKCW]_[PRIM],PRIMPERAN
[SWCCHKCW]_[PROC],PROCAINE SPIRIT (PROCANOL)
[SWCCHKCW]_[PROF],PROFERTIL
[SWCCHKCW]_[PROGY],PROGYLUTON
[SWCCHKCW]_[PROGYN],PROGYNOVA 2MG
[SWCCHKCW]_[PROP],PROPOFOL LIPURO
[SWCCHKCW]_[PROS],PROSTIN E2
[SWCCHKCW]_[PROV],PROVERA
[SWCCHKCW]_[PU],PULIN INJ 10MG
[SWCCHKCW]_[PUL],PULIN 10MG TAB
[SWCCHKCW]_[REM],REMIFEMIN
[SWCCHKCW]_[ROC],ROCEPHINE 1GM
[SWCCHKCW]_[RU486],MIFEPRISTONE
[SWCCHKCW]_[RU-486],MIFEPRISTONE(INACTIVE) (PLEASE DO NOT ENTER DRUG ORDER)
[SWCCHKCW]_[SENO],SENOKOT
[SWCCHKCW]_[SER],SERELYS VAGINAL
[SWCCHKCW]_[SLES],SLE SCREEN SLES
[SWCCHKCW]_[SODER],SODERMIX CREAM
[SWCCHKCW]_[SODIUM CHLORIDE 0.9%],SODIUM CHLORIDE 0.9%
[SWCCHKCW]_[SOF],SOFIDROX
[SWCCHKCW]_[STEM],STEMETIL 5MG
[SWCCHKCW]_[SYN],SYNTOCINON INJECTION
[SWCCHKCW]_[TEN],TENORMIN 50MG TAB
[SWCCHKCW]_[TET],TETRACYCLINE 250MG
[SWCCHKCW]_[THIO],THIOPENTAL 0.5G
[SWCCHKCW]_[TMG],TIGHTENING MOISTURE GEL
[SWCCHKCW]_[TRA],TRACHISAN LOZENGES
[SWCCHKCW]_[TRADAF],TRADAFERTIL
[SWCCHKCW]_[TRAM],TRAMADOL
[SWCCHKCW]_[Trantalol],Labetolol
[SWCCHKCW]_[TRI],TRIDERM CREAM 15G
[SWCCHKCW]_[TRO],TRAVOCORT CREAM 10G
[SWCCHKCW]_[TSI],TRAMADOL STADA INJECTION
[SWCCHKCW]_[TU],TURINAL 5MG
[SWCCHKCW]_[UMED],UNLISTED MEDICINE
[SWCCHKCW]_[UNI],UNIFLEX CREAM
[SWCCHKCW]_[UR],ABC
[SWCCHKCW]_[URAL],URAL POWDER
[SWCCHKCW]_[UROB],UROBIOTIC
[SWCCHKCW]_[UTR],UTROGESTAN
[SWCCHKCW]_[V1],VIT. C 100MG
[SWCCHKCW]_[VAG],VAGIFEM
[SWCCHKCW]_[VC],VITAMIN C 500MG
[SWCCHKCW]_[VE],VERAGEL
[SWCCHKCW]_[VENOFER],VENOFER
[SWCCHKCW]_[VENT],VENTOLIN 2MG
[SWCCHKCW]_[VG],VOREN GEL (PELASE DO NOT ENTER DRUG ORDER)
[SWCCHKCW]_[VIS],VISANNE
[SWCCHKCW]_[VITA],VITAMIN C
[SWCCHKCW]_[VOR],VOREN SUPPOSITORY
[SWCCHKCW]_[VOR-I],VOREN INJECTION
[SWCCHKCW]_[XC],XYLOPROACT CREAM
[SWCCHKCW]_[Y3F],CYCLO3 FORT
[SWCCHKCW]_[YA],YASMIN
[SWCCHKCW]_[Z10],ZOLADEX DEPOT 10.8MG
[SWCCHKCW]_[ZC],ZORAX CREAM 2GM
[SWCCHKCW]_[ZOV],ZOVIRAX
[SWCDJPC]_[5HTP],5HTP
[SWCDJPC]_[AAWE],ALPHA ARBUTIN WHITENINGESSENCE
[SWCDJPC]_[ABLE],ABLE AEROSOL CHAMBER
[SWCDJPC]_[ABRILAR],ABRILAR SYRUP 100ML
[SWCDJPC]_[ACAR2],ACARDUST 200
[SWCDJPC]_[ACAR4],ACARDUST 400
[SWCDJPC]_[ACET_325MG],ACET 325MG SUPPOSITORY
[SWCDJPC]_[ADARA],ORGANIC COCONUT OIL BY AG CLIN
[SWCDJPC]_[ADENOSINE],ADENOSINE INJ (ADENOCOR)
[SWCDJPC]_[ADMIN],ADMIN FEE
[SWCDJPC]_[ADRENALINE],ADRENALINE INJ 1:1000
[SWCDJPC]_[AERCC],AEROCHAMBER FOR CHILD
[SWCDJPC]_[AERCL],AEROCHAMBER FOR CHILD LARGE
[SWCDJPC]_[AERIUS],AERIUS SYRUP
[SWCDJPC]_[AETAB],AERIUS TABLET  5MG
[SWCDJPC]_[AGRIPPAL],AGRIPPAL 0.5ML
[SWCDJPC]_[ALC],ACETYL L-CARNITINE 250MG
[SWCDJPC]_[ALCOH_SWAB],ALCOHOL SWAB
[SWCDJPC]_[ALDER],ALDARA CREAM
[SWCDJPC]_[ALIMENTUM],ALIMENTUM SIMILAC
[SWCDJPC]_[ALOC_PLUS],ALOCLAIR PLUS ORAL SPRAY
[SWCDJPC]_[ALPHA],ALPHA KG+
[SWCDJPC]_[ALT],ALTARGO OINTMENT 1% 5G
[SWCDJPC]_[AMBRO],AMBROTOSE
[SWCDJPC]_[AMOXCAP250],AMOX CAP 250MG
[SWCDJPC]_[AMOXIL_125],AMOXICILLIN 125MG/5ML
[SWCDJPC]_[AMOXIL_250],AMOXIL 250MG/5ML X60ML
[SWCDJPC]_[AMP],ANTI MOSQUITO PATCH
[SWCDJPC]_[ANTIH],ANTIHUS COUGH SYRUP
[SWCDJPC]_[APEX],APEX  NEBULIZER
[SWCDJPC]_[APPEL],APPELIN B12 SYRUP
[SWCDJPC]_[APPETON],APPETON MV PLUS INFANT DROP
[SWCDJPC]_[APULNS],PULMICORT 1GM
[SWCDJPC]_[ARCTIC],ARCTIC COD LIVER OIL- 8OZ
[SWCDJPC]_[ARICEPT],ARICEPT EVESS 5MG TAB.
[SWCDJPC]_[ATARAT],ATARAX TABLET 10MG
[SWCDJPC]_[ATIVAN],ATIVAN TABLET 0.5MG
[SWCDJPC]_[ATO],ATOPEACE DERMA INTENSIVE CREAM
[SWCDJPC]_[ATO__IB],ATODERM INTENSIVE BAUME
[SWCDJPC]_[ATO_BIG_IB],ATODERM- BIG INTENSIVE B 500ML
[SWCDJPC]_[ATO_IN_GEL],ATODERM INTENSIVE GEL MOUSSANT
[SWCDJPC]_[ATROV],ATROVENT 0.025% NEB SOLUTION
[SWCDJPC]_[AUG_ES],AUGMENTIN--- ES  642.9MG/5ML
[SWCDJPC]_[AUGME],AUGMENTIN SYRUP 228MG/5ML
[SWCDJPC]_[AUGMET],AUGMENTIN TABLET 625MG
[SWCDJPC]_[AVAMY60D],NASAL AVAMYS N/SPRAY 60D
[SWCDJPC]_[AVAMYS],AVAMYS 30D
[SWCDJPC]_[B.S__SUSPE],B.S  SUSPENSION  60MLS
[SWCDJPC]_[B12],B12 INJECTION
[SWCDJPC]_[BACIDIN],BACIDIN ANTISEPTIC CREAM 15G
[SWCDJPC]_[BACT15],BACTROBAN OINTMENT 15G
[SWCDJPC]_[BAG],BAG FOR NEBULISER
[SWCDJPC]_[BAMBEC],BAMBEC SYRUP 1MG/ML 60ML
[SWCDJPC]_[BANDAGE],BANDAGE
[SWCDJPC]_[BANEO],BANEOCIN POWDER
[SWCDJPC]_[BAT],BREATH-A-TECH SPACER
[SWCDJPC]_[BCG],BACILLUS CALMETTE GUERIN INJ
[SWCDJPC]_[BCO],LIQUID B COMPLEX 236ML
[SWCDJPC]_[BENA],BENADRYL SYRUP
[SWCDJPC]_[BENE],BENEPROTEIN 227GMS
[SWCDJPC]_[BENZG],BENZAC AC 2.5% GEL
[SWCDJPC]_[BEROCCAZIN],BERROCCA PERFEFF ZINC TAB 30'S
[SWCDJPC]_[BEROS],BERODUAL SOLUTION 20ML
[SWCDJPC]_[BETA1],BETHAMETHASONE VALERATE 0.1%
[SWCDJPC]_[BETNO],BETNOVATE-GM CREAM 15 GRAMS
[SWCDJPC]_[BETSL],BETNOVATE SCALP LOTION
[SWCDJPC]_[BEXSERO_VA],BEXSERO VAC (MEN B)
[SWCDJPC]_[BICOLD],BICOLD KIDS IMMUNE
[SWCDJPC]_[BIG_NEEDLE],BIGGER BOTOX NEEDLE
[SWCDJPC]_[BILAX10],BILAXTEN 10MG
[SWCDJPC]_[BIO_BABY],BIOGAIA BABY DROPS --5MLS
[SWCDJPC]_[BIO_FLOR_S],BIOFLOR SACHETS
[SWCDJPC]_[BIODROP],BIOGAIA DROPS WITH VIT D
[SWCDJPC]_[BIOGA_L],BIOGAIA TABLETS----LEMON
[SWCDJPC]_[BIOGA_S],BIOGAIA STRAWBERRY TABLETS
[SWCDJPC]_[BIOGSAC],BIOGAIA SACHET X 10 SACH
[SWCDJPC]_[BIOTAS],BIOTASE CHEWABLE TABLET
[SWCDJPC]_[BIOTEN],BIOTENE MOUTHWASH
[SWCDJPC]_[BISA],BISACODYL SUPPOSITORY
[SWCDJPC]_[BLC],BREAST LIFT CREAM
[SWCDJPC]_[BLENDC],BLENDING & BLEACHING CREAM
[SWCDJPC]_[BOOK1],HEALTH BOOK WITHOUT UPDATING
[SWCDJPC]_[BOOS],BOOSTRIX
[SWCDJPC]_[BORY],BORYMYCIN CAPSULE 100MG
[SWCDJPC]_[BOTONEEDLE],BOTOX NEEDLE
[SWCDJPC]_[BOTOX],BOTOX INJECTION
[SWCDJPC]_[BRUF60],BRUFEN 60ML
[SWCDJPC]_[BRUFS],BRUFEN SYRUP
[SWCDJPC]_[BRUSH],INFADENT TOOTHBRUSH
[SWCDJPC]_[BUSCT],DHACOPAN TABLETS
[SWCDJPC]_[BUSINJ],BUSCOPAN INJECTION
[SWCDJPC]_[CADI],CADI TEMPERATURE SCAN
[SWCDJPC]_[CALAM],CALAMINE LOTION
[SWCDJPC]_[CALECIM],CALECIM 5ML
[SWCDJPC]_[CALMAG],LIQUID CALCIUM MAGNESIUM
[SWCDJPC]_[CALTRATE],CALTRATE 600MG X 60'S
[SWCDJPC]_[CARDIF],CARDIFEND
[SWCDJPC]_[CATHETER],SUCTION CATHETER SZ 12FG
[SWCDJPC]_[CBALLS],COTTON BALLS STERILE 10PCS
[SWCDJPC]_[CDI],CHILD DEPRESSION INVENTORY
[SWCDJPC]_[CE80],CERADAN 80GM
[SWCDJPC]_[CEDAT],CEDAX TABLET
[SWCDJPC]_[CEDAX],CEDAX SUSPENSION 36MG/ML
[SWCDJPC]_[CEELS],CEELIN SYRUP 100MG/5ML
[SWCDJPC]_[CENT],CENTALLASE
[SWCDJPC]_[CENTRUM],CENTRUM ADVANCE 100'S
[SWCDJPC]_[CERA],C. DIAPER CREAM 50G
[SWCDJPC]_[CERADAN],CERADAN  CREAM
[SWCDJPC]_[CERNOR],CERNOR CREAM ( DR AAT )
[SWCDJPC]_[CERVARIX],CERVARIX
[SWCDJPC]_[CERWASH],CERADAN MOISTURISING WASH
[SWCDJPC]_[CETAC],CETAPHIL SKIN CLEANSER
[SWCDJPC]_[CETAM],CETAPHIL MOISTURIZING LOTION
[SWCDJPC]_[CETIM],CETAPHIL INTENSIVE MOISTURISER
[SWCDJPC]_[CETOIL],CETAPHIL OILY SKIN CLEANSER
[SWCDJPC]_[CETRI],CETRINET TABLET
[SWCDJPC]_[CH77],CH77-125MLS
[SWCDJPC]_[CHAIR],CHILD RELAX CHAIR(SERV/MOD REP
[SWCDJPC]_[CHLOR],CHLORAL SYRUP
[SWCDJPC]_[CHLORAM],CHLORAMPHENICOL EYEDROPS
[SWCDJPC]_[CHLORE],TAB CHLORELLA 410MG
[SWCDJPC]_[CHLORM],CHLORMINE  100ML
[SWCDJPC]_[CIALIS],TAB CIALIS
[SWCDJPC]_[CIPRAM],TAB CIPRAM 20MG
[SWCDJPC]_[CIT],CITRONELLA WRISTBAND
[SWCDJPC]_[CLENNY],CLENNY NEBULISER
[SWCDJPC]_[CLINDA],CLINDAGEL TOPICAL GEL 1%
[SWCDJPC]_[CLINDA_150],CLINDAMYCIN CAP 150MG
[SWCDJPC]_[CLONO],CLONOTRIL 0.5MG
[SWCDJPC]_[CMOZ],CERAMOZ MOSQUITO REPELLENT CREAM
[SWCDJPC]_[CO_PAY],CO-PAYMENT
[SWCDJPC]_[COCO],COCONUT VIRGIN OIL BY AG CLINI
[SWCDJPC]_[COD],COD LIVER OIL CAPSULES
[SWCDJPC]_[COEN],COUGH-EN LINCTUS
[SWCDJPC]_[COLIEF],COLIEF INFANT DROP 15ML
[SWCDJPC]_[COLIM],COLIMIX SYRUP
[SWCDJPC]_[COLIM60],COLIMIX 60ML
[SWCDJPC]_[COMIDAGEN],COMIDAGEN SPECIAL MILK
[SWCDJPC]_[CON18],CONCERTA 18MG
[SWCDJPC]_[CON27],CONCERTA 27MG TABLET
[SWCDJPC]_[CON36],CONCERTA 36MG
[SWCDJPC]_[CON54],CONCERTA 54MG
[SWCDJPC]_[CONNEC],CONNECTOR
[SWCDJPC]_[CONVU],CONVULEX 100ML
[SWCDJPC]_[CONVUT],CONVULEX TABLET 200MG
[SWCDJPC]_[COQ10],COENZYME Q10 60MG
[SWCDJPC]_[COTTO],COTTON BUD
[SWCDJPC]_[COTTOS],COTTON SWAB
[SWCDJPC]_[CPOXVX],CPOX-CHICKENPOX VACCINE--- (VARIVAX)
[SWCDJPC]_[CRANB],CRANBERRY JUICE CONCENTRATE
[SWCDJPC]_[CRANLITE],CRAN LITE ( CRANBERRY EFFERVESCENT 830MG)
[SWCDJPC]_[CULTURE_D],CULTURELLE BABY--- DROP
[SWCDJPC]_[CUTIV],CUTIVATE CREAM 15GMS
[SWCDJPC]_[D12],DYSLEXIA SCREENING TEST-SECOND
[SWCDJPC]_[DAHA],AHA CLEANSING GEL (DERM'S SECR
[SWCDJPC]_[DAKOG],DAKTARIN ORAL GEL
[SWCDJPC]_[DALAC],DALACIN C SYRUP 75MG/5ML
[SWCDJPC]_[DEFENS],DEFENCE ONE
[SWCDJPC]_[DENTG],DENTINOX TEETHING GEL 15GM
[SWCDJPC]_[DENTOOTHP],DENTINOX TOOTHPSTE
[SWCDJPC]_[DERMA],DERMA LIFT
[SWCDJPC]_[DESOC],DESOWEN  -   CREAM 0.05%
[SWCDJPC]_[DESOWL],DESOWEN LOTION
[SWCDJPC]_[DEXA],DEXAMETHASONE INJECTION
[SWCDJPC]_[DEXA_TAB],DEXAMETHASONE TABLET 4MG
[SWCDJPC]_[DEXCH],AX DEXCHLOR'RAMINE FORTE 100ML
[SWCDJPC]_[DEXTROSE_5],DEXTROSE 5% IN NACL 0.45%
[SWCDJPC]_[DFORM1],DOCTOR'S FORMULA ONE (120 CAPS
[SWCDJPC]_[DHACO],DHACOPAN 5MG/5ML
[SWCDJPC]_[DHACT],DHACTULOSE
[SWCDJPC]_[DHAMOTIL],DHAMOTIL TAB
[SWCDJPC]_[DHASE--DM],DHASEDYL DM SYRUP
[SWCDJPC]_[DHATI],DHATIFEN SYRUP 1MG/5ML(100ML)
[SWCDJPC]_[DHEA],DHEA/PREGLN PUMP
[SWCDJPC]_[DHEAPR],DHEA PRO
[SWCDJPC]_[DIFF],DIFFERIN CREAM
[SWCDJPC]_[DIFFAM],DIFFLAM MOUTH GEL 10GM
[SWCDJPC]_[DIFFLA],DIFFLAM LOZENGES
[SWCDJPC]_[DIFFTS],DIFFLAM THROAT SPRAY
[SWCDJPC]_[DIFLUCAN],DIFLUCAN CAP 50MG
[SWCDJPC]_[DIMES],DIMENATE SYRUP 15MG/5ML
[SWCDJPC]_[DIMET],DIMETAPP ELIXIR
[SWCDJPC]_[DIMTT],DIMENATE TABLET 50MG
[SWCDJPC]_[DISMAS],DISPOSABLE MASK SET
[SWCDJPC]_[DITRO],DITROPAN 5MG
[SWCDJPC]_[DIXAR],TAB DIXARIT 0.025MG
[SWCDJPC]_[DMG],DMG 180CAPS
[SWCDJPC]_[DMPS],DMPS
[SWCDJPC]_[DMSA],TAB DMSA
[SWCDJPC]_[DNAWM],DNA WHITENING MASK
[SWCDJPC]_[DOGMA],TAB DOGMATIL 200MG
[SWCDJPC]_[DOMPER],DOMPER SUPPOSITORY 10MG
[SWCDJPC]_[DORIT],DORITHRICIN LOZENGES
[SWCDJPC]_[DOXY],DOXYCYCLINE 100MG
[SWCDJPC]_[DROSSA],DROSSA-NOSE 20G
[SWCDJPC]_[DUKORA],DUKORAL ORAL VACCINE
[SWCDJPC]_[DUMEX],DUMEX LACTOSE FREE
[SWCDJPC]_[DUPHA],DUPHALAC SYRUP
[SWCDJPC]_[DUPHALAC],DUPHALAC SYRUP  200ML
[SWCDJPC]_[DURO],DUROTUSS SYRUP
[SWCDJPC]_[E100MCG],ELTROXIN 100MCG !!!
[SWCDJPC]_[EFAJ],TOTAL EFA JUNIOR 90 CAPSULES
[SWCDJPC]_[EFCR],EYE FIRMING CREAM
[SWCDJPC]_[EFEXOR],EFEXOR XR 75MG
[SWCDJPC]_[EFFICO],EFFICORT CREAM 30G
[SWCDJPC]_[ELDO],ELDOQUIN CREAM ( DR AAT )
[SWCDJPC]_[ELID],ELIDEL CREAM 15G
[SWCDJPC]_[ELO15],ELOMET CREAM    15GM
[SWCDJPC]_[ELO5],ELOMET CREAM 5GM
[SWCDJPC]_[EMLA],EMLA CREAM 5G
[SWCDJPC]_[ENFAPD],ENFAMIL A+ POST- DISCHARGE 400G
[SWCDJPC]_[ENFLF],ENFAPRO LACTOSE FREE MILK PDER
[SWCDJPC]_[EP_CHR_200],EPILIM CHRONO 200MG
[SWCDJPC]_[EP_CHR_300],EPILIM CHRONO 300MG
[SWCDJPC]_[EP_CHR_500],EPILIM CHRONO 500MG
[SWCDJPC]_[EPIC],EPICERAM
[SWCDJPC]_[EPIL_TAB],EPILIM EC TAB 200MG
[SWCDJPC]_[EPILIM],EPILIM SYR 200MG/5ML X 300ML
[SWCDJPC]_[EPIPEN],EPIPEN 0.15MG PAED.DOSE
[SWCDJPC]_[EPIVIR],EPIVIR ORAL SOLUTION 240ML
[SWCDJPC]_[EPLUS],ENSURE PLUS 200ML
[SWCDJPC]_[EPO],PROBIOTICS EVENING PRIMROSEOIL
[SWCDJPC]_[EQUIP],EQUIPMENT
[SWCDJPC]_[ERASE],ERASE GEL 15G
[SWCDJPC]_[ESEMT],ESEMTAM LOTION
[SWCDJPC]_[EUTHYR_25],EUTHYROX 25MCG
[SWCDJPC]_[EYE],EYE PAD
[SWCDJPC]_[EYE_GENTLE],EYE LID WIPES BY AQUA
[SWCDJPC]_[EYEBRY],EYE BRYTEN ( AAT'S)
[SWCDJPC]_[EYES],EYE WASH+COTTON BALLS
[SWCDJPC]_[EYESTREAM],EYE-STREAM + COTTON BALLS
[SWCDJPC]_[EZS],EZ SENSE
[SWCDJPC]_[FAMO],FAMOTIDINE 20MG
[SWCDJPC]_[FAV100],FAVERIN 100MG
[SWCDJPC]_[FAV50],FAVERIN 50MG
[SWCDJPC]_[FBO],FISH BODY OIL 1000MG
[SWCDJPC]_[FCC15],FUCICORT CREAM 15GM
[SWCDJPC]_[FCC5],FUCICORT CREAM 5GM
[SWCDJPC]_[FDC5],FUCIDIN CREAM 5GM
[SWCDJPC]_[FDHC5],H    - FUCIDIN    CREAM 5GM
[SWCDJPC]_[FDO5],FUCIDIN--------OINTMENT 5GM
[SWCDJPC]_[FENU],FENUGREEK 610MG
[SWCDJPC]_[FERRD],FERRUM DROPS
[SWCDJPC]_[FIBER],FIBER GUMMIES
[SWCDJPC]_[FILTER],NEBULIZER FILTER
[SWCDJPC]_[FISH],NORDIC COD LIVER OIL
[SWCDJPC]_[FLAGT],FLAGYL TABLET
[SWCDJPC]_[FLEET],FLEET ENEMA
[SWCDJPC]_[FLIXO],FLIXONASE NASAL SPRAY
[SWCDJPC]_[FLOXIA],FLOXIA
[SWCDJPC]_[FLTI50],FLIXOTIDE 50MCG EVOHALER
[SWCDJPC]_[FLU],FLUARIX
[SWCDJPC]_[FLUARIX_TE],FLUARIX TETRA
[SWCDJPC]_[FLUIM_TAB],FLUIMUCIL EFF. TAB.600MG
[SWCDJPC]_[FLUIMU],FLUIMUCIL GRANULES 100MG
[SWCDJPC]_[FLUTESTGEL],FLU TEST(GREAT EASTERN)
[SWCDJPC]_[FLUVAX],FLUVAX 0.5ML
[SWCDJPC]_[FLUX10],APO FLUOREXETINE 10MG
[SWCDJPC]_[FLUX20],APO FLUOREXETINE 20MG
[SWCDJPC]_[FMASK],FUN MASK
[SWCDJPC]_[FOB12],FOLIC ACID & VIT B12 200CAPS
[SWCDJPC]_[FOLIT],FOLIC ACID TABLET
[SWCDJPC]_[FORLAX],FORLAX
[SWCDJPC]_[FORM1],DOCTOR'S FORMULA ONE-276GMS
[SWCDJPC]_[FRPOPS],FREEZER POPS
[SWCDJPC]_[FRSOY],FRISOSOY
[SWCDJPC]_[FRVOM],FRISOCOMFORT
[SWCDJPC]_[FUCIT],FUCITHALMIC EYEDROPS
[SWCDJPC]_[FUN],FUNHALER
[SWCDJPC]_[FUNGI],FUNGICORT CREAM 15GM
[SWCDJPC]_[FYCO_4MG],FYCOMPA  PERAMPANEL  4MG
[SWCDJPC]_[G],GLUTATHION CREAM
[SWCDJPC]_[GALACT],GALACTIS LIQUID
[SWCDJPC]_[GAMORY],GAMMA-ORYZANOL 90CAP
[SWCDJPC]_[GARD],GARDASIL VACCINE
[SWCDJPC]_[GARED],GARAMYCIN EYEDROPS
[SWCDJPC]_[GASTRO],GASTROLYTE REHYDRATION FORMULA
[SWCDJPC]_[GAUZE:N_W],GAUZE: NON WOVEN
[SWCDJPC]_[GAUZE:SMAL],GAUZE SWAB 2' BY 2' X 1 PC
[SWCDJPC]_[GAUZE5PCS],GAUZE 3' BY 3' X 5PCS
[SWCDJPC]_[GAUZEP],GAUZE X 1 BIG PACK
[SWCDJPC]_[GCGEL],GENTLE CLEANSING GEL
[SWCDJPC]_[GENTA],GENTAMYTREX
[SWCDJPC]_[GENTP],GENTAPRO EYEDROPS
[SWCDJPC]_[GERBER],GERBER
[SWCDJPC]_[GLU_ST],LIQUIBAND SKIN ADHESIVE
[SWCDJPC]_[GLYSU],GLYCERIN SUPPOSITORY
[SWCDJPC]_[GR1],GIFTED RATING SCALES
[SWCDJPC]_[GUANF-ER],GUANFACINE HCL ER TAB  1MG
[SWCDJPC]_[H1N1],H1NI VACCINE
[SWCDJPC]_[H2O],BIODERMA H2O
[SWCDJPC]_[HALO_0.5MG],HALOPERIDOL 0.5MG
[SWCDJPC]_[HAV],HEPATITIS A 2 DOSE REGIME
[SWCDJPC]_[HBV],HEPATITIS B SKF
[SWCDJPC]_[HBVM1],HEPB-HEPATITIS B MSD 1ST
[SWCDJPC]_[HEXA],HEXA-DTPA+HIB+IPV+HEPB
[SWCDJPC]_[HGH],HUMAN GROWTH MATRIX 50ML
[SWCDJPC]_[HIB],HAEMOPHILUS B
[SWCDJPC]_[HIBIT],HIBITANE SOLN
[SWCDJPC]_[HIDRA_10MG],HIDRASEC10MG SACH X 16 PER BOX
[SWCDJPC]_[HIDRA_30MG],HIDRASEC 30 MG.  16 PER BOX
[SWCDJPC]_[HIRUC],HIRUDOID CREAM
[SWCDJPC]_[HISTO],HISTOCRYL
[SWCDJPC]_[HOSPG],HOSPIGEL (180ML)
[SWCDJPC]_[HYDRA],HYDRALYTE
[SWCDJPC]_[HYDRO_1%],HYDROCORTISONE 1% CREAM 15G
[SWCDJPC]_[HYDROCORTI],HYDROCORTISONE  INJ  100MG
[SWCDJPC]_[ILIDC],ILIADIN DROPS -   0.025%
[SWCDJPC]_[ILIDI],ILIADIN DROPS 0.01%
[SWCDJPC]_[ILISP],ILIADIN SPRAY 0.05%
[SWCDJPC]_[IMIPRA],APO- IMIPRAMINE 25MG
[SWCDJPC]_[IMM1],IMMUNE SUPPORT ONE
[SWCDJPC]_[IMM2],IMMUNE SUPPORT TWO
[SWCDJPC]_[IMMUNPED],IMMUNPED
[SWCDJPC]_[IMODC],IMODIUM CAPSULE
[SWCDJPC]_[IMOVAN],TAB IMOVANE
[SWCDJPC]_[IMOVAX],IMOVAX POLIO VAC
[SWCDJPC]_[INFLUVAC],INFLUVAC VACCINE
[SWCDJPC]_[INJECTION],INJECTION
[SWCDJPC]_[INPAN],TAB INPANOL 10MG
[SWCDJPC]_[INQUA],INQUA NEBULIZER
[SWCDJPC]_[INSULI],INSULIN SYRINGE BD 0.5CC 29G
[SWCDJPC]_[IO_30M],IONAMIN 30MG( MESO  )
[SWCDJPC]_[IPV1],DPT/HIB/IPV 5 IN 1
[SWCDJPC]_[IQ1],WECHSLER PRESCHOOL SCALE OF IN
[SWCDJPC]_[IQ2],WECHSLER PRIMARY SCALE OF INTE
[SWCDJPC]_[IQ3],WECHSLER INTEL SCALE FOR CHILD
[SWCDJPC]_[ISLA],ISLA JUNIOR LOZENGES
[SWCDJPC]_[ISO_STEP_2],ISOMIL STEP 2
[SWCDJPC]_[ISO1],ISOMIL STEP 1
[SWCDJPC]_[ISOPR],ISOPRINOSINE 250MG/5ML
[SWCDJPC]_[ISOPTO],ISOPTO FENICOL EYEDROPS
[SWCDJPC]_[JAP],JEVL-JAPANESE ENCEPHALITIS VAC
[SWCDJPC]_[JE],IMOJEV-JAPANESE ENCEPHALI VAC
[SWCDJPC]_[KALETRA],KALETRA ORAL SOLUTION 160ML
[SWCDJPC]_[KALOS],KALOBA SYRUP
[SWCDJPC]_[KARI],KARIHOME GOATS MILK
[SWCDJPC]_[KE],KETOTIFEN SYRUP 1MG/5ML(100ML)
[SWCDJPC]_[KE120],KETOTIFEN SYRUP 1MG/5ML(120ML)
[SWCDJPC]_[KENIO],KENALOG IN ORABASE
[SWCDJPC]_[KENOP],KENOPASTE 3GM
[SWCDJPC]_[KEP_SYR],KEPPRA 100MG/ML
[SWCDJPC]_[KEP_TAB],KEPPRA 500MG TAB
[SWCDJPC]_[KI],KIZZ PASTILLES
[SWCDJPC]_[KIDDI],KIDDI PHARMATON
[SWCDJPC]_[KIDSCLIN_B],KIDSCLIN BODY MOUSSE
[SWCDJPC]_[KL250],KLACID TABLET 250MG (14 TABS)
[SWCDJPC]_[KLAC2],KLACID 250MG/5ML
[SWCDJPC]_[KLACID_MR],KLACID MR 500MG
[SWCDJPC]_[KLACS],KLACID SYRUP 125MG/5ML
[SWCDJPC]_[KLACTAB],KLACID TAB 250MG 14'S
[SWCDJPC]_[KY_JELLY],KY JELLY 100G
[SWCDJPC]_[L],LIVER SUPPORT 90CAPS
[SWCDJPC]_[LACTA],LACTACYD
[SWCDJPC]_[LAM_50],LAMICTAL 50MG TAB
[SWCDJPC]_[LAM_5MG],LAMICTAL 5MG TABLET
[SWCDJPC]_[LAMIC],TAB LAMICTAL 100MG
[SWCDJPC]_[LARIAM],TAB LARIAM 250MG
[SWCDJPC]_[LC],L CARNITINE 600MG(LE)-30CAPS
[SWCDJPC]_[LCALMA],LIQUID CAL/MAG-VANILLA 16FL.OZ
[SWCDJPC]_[LECIT_J],LECITONE JEUNES 60'S X 1 BOX
[SWCDJPC]_[LEFT3],LEFTOSE TABLET 30MG
[SWCDJPC]_[LEFTS],LEFTOSE SYRUP
[SWCDJPC]_[LETOOT],LE TOOTHPASTE
[SWCDJPC]_[LEXO],LEXOPRO 10MG
[SWCDJPC]_[LGLUTA],L-GLUTAMINE CAP
[SWCDJPC]_[LICE],LICECARE LOTION
[SWCDJPC]_[LIDEX],LIDEX 10G
[SWCDJPC]_[LINE],LINE ERASE (DERM'S SECRETS)
[SWCDJPC]_[LINKUS],LINKUS COUGH SYRUP
[SWCDJPC]_[LINUR],LINURASE SERUM
[SWCDJPC]_[LIP],LIP THERAPY
[SWCDJPC]_[LIVER],LIVER SUPPORT 90 CAPSULES
[SWCDJPC]_[LO],LITTLE ONES SHAMPOO
[SWCDJPC]_[LOPRA],LOPERAMIDE SYRUP
[SWCDJPC]_[LOSEC],LOSEC 10MG
[SWCDJPC]_[LOSEC_20MG],LOSEC 20MG
[SWCDJPC]_[LOSEC_MUPS],LOSEC MUPS 10MG
[SWCDJPC]_[LOZ],LINKUS LOZENGES
[SWCDJPC]_[LTAUR],L-TAURINE POWDER 300GM
[SWCDJPC]_[LUBRI_GEL],LUBRICANT GEL
[SWCDJPC]_[LYSINIUM],LYSINIUM MAX
[SWCDJPC]_[MA],MANDELIC ACID ( MESO )
[SWCDJPC]_[MAGRI],CAP MAGRILAN 20 MG
[SWCDJPC]_[MAKIT],MAITAKE D FRACTION EXTRACT 30M
[SWCDJPC]_[MALTOFER],MALTOFER ORAL IRON DROP
[SWCDJPC]_[MANNABEAR],MANNABEAR
[SWCDJPC]_[MASK_3P],MASK 3 PLY X 50PCS
[SWCDJPC]_[MASK2],MASK FOR PORTAL NEB
[SWCDJPC]_[MATRIK],MATRIK
[SWCDJPC]_[MAX],MAXALON INJECTION
[SWCDJPC]_[MAXIRON],MAXIRON SYRUP 60MLS
[SWCDJPC]_[MAXIRON_SY],MAXIRON SYR 200ML
[SWCDJPC]_[MCT_OIL],MCT OIL VALENS ENERSOS 120ML
[SWCDJPC]_[ME.1ML],METHYLCOBOLAMIN 1 ML VIAL
[SWCDJPC]_[MEBBY],MEBBY NEBULISER
[SWCDJPC]_[MEDEL1],MEDEL NEBULIZER(BIG)
[SWCDJPC]_[MEDEL2],MEDEL NEBULIZER (SMALL)
[SWCDJPC]_[MEDELA],MEDELA BED
[SWCDJPC]_[MEDI_5],MEDIKINET MR 5MG
[SWCDJPC]_[MEDI10],MEDIKINET MR 10MG
[SWCDJPC]_[MEDI20],MEDIKINET MR 20MG
[SWCDJPC]_[MEDI30],MEDIKINET MR 30MG
[SWCDJPC]_[MEDOF],MEDOFLUCON TAB 50MG
[SWCDJPC]_[MEDVIT],MEDVITE DROPS
[SWCDJPC]_[MEN],MENINGITEC INJ
[SWCDJPC]_[MENACTRA],MENACTRA  CONJUGATE VACCINE
[SWCDJPC]_[MENIN],MNC-MENINGOCOCCAL VACCINE
[SWCDJPC]_[METHYL],METHYL.B-12 25MG/ML(3MLS/VIAL)
[SWCDJPC]_[MICRON],NEBULIZER
[SWCDJPC]_[MICTO],MICTONORM
[SWCDJPC]_[MINICA],MINICA S ( SODIUM CITRATE)
[SWCDJPC]_[MINIR],MINIRIN 5ML
[SWCDJPC]_[MINIRT],MINIRIN TABLET 0.2MG
[SWCDJPC]_[MMR],MMR-MEASLE/MUMPS/RUBELLA
[SWCDJPC]_[MOISTREST],MOISTURISER RESTORADERM
[SWCDJPC]_[MOSES],MOSEGOR SYRUP 0.25MG/5ML
[SWCDJPC]_[MOTHER],MOTHER'S TOUCH 50G
[SWCDJPC]_[MOTIL],MOTILIUM SUSPENSION
[SWCDJPC]_[MOTIT],MOTILIUM TABLET
[SWCDJPC]_[MOZ],MOZ AWAY
[SWCDJPC]_[MT1],MCCARTHY SCREENING TEST
[SWCDJPC]_[MTT],MANTOUX
[SWCDJPC]_[MUCAIN],MUCAINE SUSPENSION
[SWCDJPC]_[MUCOS],MUCOSOLVON LIQUID (AXOL)
[SWCDJPC]_[MUCOT],MUCOSOLVON TABLET
[SWCDJPC]_[MULTI],GNC KIDS MULTI CHEWABLE
[SWCDJPC]_[MYCOS],MYCOSTATIN ORAL SUSPENSION
[SWCDJPC]_[NANHA1],NAN HA
[SWCDJPC]_[NASA],NASACORT NASAL SPRAY
[SWCDJPC]_[NASON],NASONEX NASAL SPRAY 60 DOSES
[SWCDJPC]_[NBAC],NASAL OINTMENT BACTROBAN 3G
[SWCDJPC]_[NEO],NEOSURE SIMILAC
[SWCDJPC]_[NEOC],NEO CEUTICALS CREAM
[SWCDJPC]_[NEODM],NEODERM CREAM 15GM
[SWCDJPC]_[NESTU],NESTUM RICE CEREAL
[SWCDJPC]_[NEURO],NEUROGAIN PLUS CAP 30'S
[SWCDJPC]_[NFSYR],NEEDLE FREE SYRINGE
[SWCDJPC]_[NIMEN],NIMENRIX CONJUGATE VACCINE
[SWCDJPC]_[NISITA],NISITA NASAL OINTMENT 20G
[SWCDJPC]_[NIZOC],NIZORAL CREAM 15GM
[SWCDJPC]_[NIZOS],NIZORAL SHAMPOO
[SWCDJPC]_[NORMAL_SAL],NORMAL SALINE  INJ  500ML
[SWCDJPC]_[NOVA],NOVASOURCE 2.0
[SWCDJPC]_[NOVOMIN_60],NOVOMIN (DIMENATE SYRUP)
[SWCDJPC]_[NS],SODIUM CHLORIDE 20ML
[SWCDJPC]_[NUK],MUCUS EXTRACTOR
[SWCDJPC]_[NUROF_SYR],NUROF SYR -- STAT
[SWCDJPC]_[NUROFEN],NUROFEN SYR
[SWCDJPC]_[NUTRA],NUTRAMIGEN MILK POWDER
[SWCDJPC]_[NUTREN],NUTREN JUNIOR
[SWCDJPC]_[NUTROP],NUTROPLEX SYRUP
[SWCDJPC]_[NYST100ML],NYSTATIN SUSPENSION(100ML)
[SWCDJPC]_[NYSTAT],PMS-NYSTATIN(100~00O UNIT)48ML
[SWCDJPC]_[OILAP],OILATUM PLUS EMOLLIENT
[SWCDJPC]_[OMEPRA_SUS],OMEPRAZOLE SUSPENSION  2MG/ML
[SWCDJPC]_[ONDAN__AMP],ONDANSETRON  4MG/2ML
[SWCDJPC]_[ONEDER],ONE-DER PATCH
[SWCDJPC]_[OPTICH],OPTICHLOR EYE DROP
[SWCDJPC]_[OPTICM],OPTICHAMBER DIAMOND WITH MEDIUM MASK
[SWCDJPC]_[OPTIM],OPTICROM EYE/NOSE DROPS
[SWCDJPC]_[OPTIZINC],OPTIZINC 30MG
[SWCDJPC]_[ORAC],ORACORT E
[SWCDJPC]_[ORAL],ORAL AID LOTION
[SWCDJPC]_[ORALC],ORAL CHELATION SET
[SWCDJPC]_[OROXI],OROXIN 50MG
[SWCDJPC]_[ORRE],ORREPASTE 5GM
[SWCDJPC]_[ORTHOSIS],ORTHOSIS-R/L SUPRA-MELLEOLAR
[SWCDJPC]_[OTRIV],OTRIVIN NASAL DROPS
[SWCDJPC]_[OVERPAY],OVERPAYMENT
[SWCDJPC]_[OXYNASE],OXY-NASE NASAL SPRAY
[SWCDJPC]_[PAEDS],PEDIASURE
[SWCDJPC]_[PANAD],PANADOL SYRUP 160MG/5ML
[SWCDJPC]_[PANBES],PANBESY CAP 15MG
[SWCDJPC]_[PARAS],PARACETAMOL SYRUP 250MG/5ML
[SWCDJPC]_[PARI2],PARI NEBULISER 2
[SWCDJPC]_[PARIB],PARI BOY NEB MACHINE
[SWCDJPC]_[PASTE],FIRST TEETH TOOTHPASTE
[SWCDJPC]_[PATAN],PATANOL EYEDROPS 5ML
[SWCDJPC]_[PENGUIN],PENGUIN NEBULISER
[SWCDJPC]_[PEPBED],PEP BED
[SWCDJPC]_[PERI_ORAL],PERI ORAL CREAM
[SWCDJPC]_[PERMASOL],PERMASOL 100ML
[SWCDJPC]_[PERMEA],PERMEABILITY FACTORSTM
[SWCDJPC]_[PFO],PURE FISH OIL
[SWCDJPC]_[PHENEX],PHENEXPECT SYRUP
[SWCDJPC]_[PHOTO],MEDELA: DEPOSIT FOR PHOTO RX
[SWCDJPC]_[PHYSIO],PHYSIOGEL CREAM 75ML
[SWCDJPC]_[PHYSIOAI],PHYSIOGEL AI CREAM
[SWCDJPC]_[PHYTOS],PHYTOSTAN 90TAB
[SWCDJPC]_[PILL],PILL CUTTER
[SWCDJPC]_[PINET],PINETARSOL
[SWCDJPC]_[PNEUM],PNC-PNEUMOCOCCAL VACCINE
[SWCDJPC]_[POLAR],POLA SYRUP
[SWCDJPC]_[POLAS],POLARAMINE SYRUP
[SWCDJPC]_[POLIO],POLIOMYELITIS ORAL
[SWCDJPC]_[POLYE],POLYDEXA EAR DROPS
[SWCDJPC]_[PONSTA],PONSTAN
[SWCDJPC]_[POROS125MG],POROS SUPP 125MG
[SWCDJPC]_[POROS250],POROS---- 250MG SUPP
[SWCDJPC]_[PORTA],PORTA NEBULIZER
[SWCDJPC]_[PP1],TEST OF PRETEND PLAY
[SWCDJPC]_[PPP],PEAK PERFORMANCE(VISUAL) PACKA
[SWCDJPC]_[PRED20MG],PREDNISOLONE 20MG TABLET
[SWCDJPC]_[PREDS],PREDNISOLONE SYRUP
[SWCDJPC]_[PREDS_5MG],PREDNISOLONE 5MG/5ML
[SWCDJPC]_[PREDT],PREDNISOLONE TABLET
[SWCDJPC]_[PREMARIN],PREMARIN CREAM 14G
[SWCDJPC]_[PREMC],PREMARIN C CREAM
[SWCDJPC]_[PREVE],PREVENAR 13  INJ
[SWCDJPC]_[PRIMA],PRIMAPORE PLASTER
[SWCDJPC]_[PRIMP],PRIMPERAN INJECTION 10MG/2ML
[SWCDJPC]_[PRIT1],SUPP PRITAMOL 125MG
[SWCDJPC]_[PRO1],PROBIOTICS 1
[SWCDJPC]_[PRO100],PROBIOTICS CAP 100 BLN X 30CAP
[SWCDJPC]_[PRO2],PROBIOTICS 2
[SWCDJPC]_[PRO25],PRO 25 BILLION X 60 CAP
[SWCDJPC]_[PRO4S],PRO-4S (3 SACHETS X 2 GM X 10)
[SWCDJPC]_[PROCO],PROCTOSEDYL OINTMENT 15GM
[SWCDJPC]_[PROG],PRO-GEST 90CAPS
[SWCDJPC]_[PROGES],PROGESTERONE(DR MARIA CREAM)
[SWCDJPC]_[PROMETHAZI],PROMETHAZINE  INJ 50MG/2ML
[SWCDJPC]_[PRONEB],PRONEB NEBULISER
[SWCDJPC]_[PROQUAD],MMR & CPOX VACCINE
[SWCDJPC]_[PROT1],PROTOPIC OINTMENT 0.1% 10G
[SWCDJPC]_[PROT3],PROTOPIC OINTMENT 0.03% 10G
[SWCDJPC]_[PS1],PARENTING STRESS INDEX
[SWCDJPC]_[PULNS],PULMICORT NEB SOLUTION
[SWCDJPC]_[PUST],PUSIRAN TABLET 15MG
[SWCDJPC]_[QIV],QUADRIVALENT  FLU VACCINE
[SWCDJPC]_[QUERCE],QUERCETIN
[SWCDJPC]_[QUEST],QUESTRAN
[SWCDJPC]_[RED10],TAB REDUCTIL 10MG X 28'S(AAT)
[SWCDJPC]_[RED15],TAB REDUCTIL 15MG X 28'S(AAT)
[SWCDJPC]_[REME],REMERON 30MG
[SWCDJPC]_[REME125MG],REMEDOL SUPP 125
[SWCDJPC]_[RENEB],RENTAL OF NEBULIZER
[SWCDJPC]_[RENT_P],ADDITIONAL PER DAY RENTAL PEP
[SWCDJPC]_[REPA],REPALYTE ORAL ELECTROLYTES
[SWCDJPC]_[RESPIRONIC],RESPIRONICS NEBULIZER
[SWCDJPC]_[RETACNYL],RETACNYL CREAM 0.05%
[SWCDJPC]_[RETINO],RETINOVA CREAM 20G
[SWCDJPC]_[RETROVIR],RETROVIR SYR 200ML
[SWCDJPC]_[RHIRA],RHINIRAMINE SYRUP
[SWCDJPC]_[RICH],RICHLIFE MULTIVIT AND MINERAL
[SWCDJPC]_[RID],RIDWIND BABY DROPS 30ML
[SWCDJPC]_[RISP1],TAB RISPERDAL 1MG
[SWCDJPC]_[RISP2],TAB RISPERDAL 2MG
[SWCDJPC]_[RISPS],RISPERDAL SOLUTION 1MG/ML
[SWCDJPC]_[RIT_10],RITALIN 10MG
[SWCDJPC]_[RIT_LA20MG],RITALIN LA 20MG
[SWCDJPC]_[RITA20],TAB RITALIN SR 20MG
[SWCDJPC]_[RO1000],ROCEPHINE 1000MG
[SWCDJPC]_[RO250],ROCEPHINE 250MG
[SWCDJPC]_[RO500],ROCEPHINE( CEFAXONE )500MG INJ
[SWCDJPC]_[ROTAV],ROTARIX ORAL VACCINE
[SWCDJPC]_[ROUND_ADJU],ROUNDING ADJUSTMENT
[SWCDJPC]_[RUB110],RUBIFEN 10MG (METHYLPHENIDATE)
[SWCDJPC]_[RUPA_SYR],RUPAFIN SYRUP 1MG/ML
[SWCDJPC]_[SAIZEN],SAIZEN 3.33MG
[SWCDJPC]_[SANDOZ],CALCIUM SANDOZ SYRUP
[SWCDJPC]_[SCALE],SOEHNLE WEIGHING SCALE
[SWCDJPC]_[SCARF],SCARFADE
[SWCDJPC]_[SCITRO],SCITROPIN
[SWCDJPC]_[SE1],STIRLING EATING DISORDER SCALE
[SWCDJPC]_[SEAL],NEBULISER-SEAL BRAND
[SWCDJPC]_[SEB],SEBCLAIR CREAM 30ML
[SWCDJPC]_[SECURA],SECURA PROTECTIVE CREAM
[SWCDJPC]_[SELEN],SELENIUM
[SWCDJPC]_[SEPTT],SEPTRIN TABLET
[SWCDJPC]_[SER50],SERETIDE EVOHALER 25/50MG
[SWCDJPC]_[SERET],SERETIDE ACCUHALER 50/100MCG
[SWCDJPC]_[SERO],SEROXAT CR 12.5MG
[SWCDJPC]_[SERO25],SEROXAT CR 25MG
[SWCDJPC]_[SIM],SIMILASE DIGESTIVE ENZYMES
[SWCDJPC]_[SINGS],SINGULAIR SACHET 4MG
[SWCDJPC]_[SINGT],SINGULAIR TABLETS --- 5MG
[SWCDJPC]_[SINO],SINOMARIN NASAL -  SPRAY
[SWCDJPC]_[SINOM],SINOMARIN MONODOSE
[SWCDJPC]_[SKP],STUDY SKILLS PACKAGE
[SWCDJPC]_[SLIT_1],SLIT(1ST)STALORAL 10MLS X 4B
[SWCDJPC]_[SLIT2],SLIT(SUBSEQUENT)10MLS X 3 BOTS
[SWCDJPC]_[SMECT],SMECTA
[SWCDJPC]_[SN_STICK],SILVER NITRATE STICK
[SWCDJPC]_[SOFILEX],SOFILEX ( CEPHALEXIN )125MG
[SWCDJPC]_[SOFT10],SOFT 10 NAPPY RASH CREAM
[SWCDJPC]_[SOLMU],SOLMUCOL LOZENGES
[SWCDJPC]_[SOLMUX],SOLMUX 200MG
[SWCDJPC]_[SOLU],SOLUWAX EARDROPS 10ML
[SWCDJPC]_[SPACE],AIRSPACER
[SWCDJPC]_[SPF30],THERAPEUTIC DAY MOIST CR (AAT)
[SWCDJPC]_[SPIRI],CORD SPIRIT
[SWCDJPC]_[STATE],STAT EYE PACK
[SWCDJPC]_[STATW],STAT WEIGHT PACK(60PACKETS)
[SWCDJPC]_[STEMAG],STERIMAR MANGANESE NASAL SPRAY
[SWCDJPC]_[STERI],STERIMAR INFANT NASAL SPRAY
[SWCDJPC]_[STERINOVA],STERINOVA STERILISING TAB
[SWCDJPC]_[STESO],STESOLID SUPPOSITORY
[SWCDJPC]_[STI],STIEPROX LIQUID
[SWCDJPC]_[STIE],STIEMYCIN SOLUTION FOR ACNE
[SWCDJPC]_[STILNO],TAB STILNOX 10MG
[SWCDJPC]_[STRA_M_5G],STRATAMED SCAR GEL --5G
[SWCDJPC]_[STRAT_10MG],STRATTERA 10MG
[SWCDJPC]_[STRAT_25MG],STRATTERA 25MG
[SWCDJPC]_[STRAT_40MG],STRATTERA 40MG CAPSULE
[SWCDJPC]_[SUPDIG],SUPER DIGESTIVE ENZYMES 60CAPS
[SWCDJPC]_[SUR_PEP],SURCHARGE PEP BED
[SWCDJPC]_[SWABS],SWAB IN ALCOHOL IN A BOX 200PC
[SWCDJPC]_[SYMBI],SYMBICORT TURBUHALER 60 DOSES
[SWCDJPC]_[SYNFL0],SYNFLORIX PRTC
[SWCDJPC]_[SYNFLEX],SYNFLEX TAB.275MG
[SWCDJPC]_[SYRIN],SYRINGE
[SWCDJPC]_[T_BANDAGE],TRIANGULAR BANDAGE
[SWCDJPC]_[TAMI_C],TAMIFLU CAPSULE 75MG
[SWCDJPC]_[TAMI30],TAMIFLU CAPSL 30MG
[SWCDJPC]_[TAMI45],TAMIFLU CAPSL 45MG
[SWCDJPC]_[TARIVI],TARIVID OTIC SOLUTION 5ML
[SWCDJPC]_[TAURIN],TAURINE 1~000MG 50CAP
[SWCDJPC]_[TCOM],TOTAL COMFORT MILK
[SWCDJPC]_[TEA],TEA
[SWCDJPC]_[TEARS],TEARS NATURALE FREE RECLOSABLE
[SWCDJPC]_[TEG_CR_TAB],TEGRETOL CR 200MG TABLET
[SWCDJPC]_[TEG_SYR],TEGRETOL 2% SYRUP 100ML
[SWCDJPC]_[TEGA],TEGADERM
[SWCDJPC]_[TEL],TELFAST TAB 180MG
[SWCDJPC]_[TELF_BIG],TELFAST 150ML
[SWCDJPC]_[TEMPCO],TEMPSCAN COVERS
[SWCDJPC]_[TEQ1],ROTATEQ VACCINE
[SWCDJPC]_[TESTC],TESTOSTERONE CREAM
[SWCDJPC]_[TGLU],TOTAL GLU-CONTROL
[SWCDJPC]_[THERM],THERMOMETER
[SWCDJPC]_[THIN_LANCE],THIN LANCETS X 200PCS
[SWCDJPC]_[THYRO],THYROID SUPPORT 60 CAPSULES
[SWCDJPC]_[TIMOLOL_MA],TIMOLOL MALEATE EYEDROP 0.5%
[SWCDJPC]_[TMGPOW],TMG POWDER 50GRAMS
[SWCDJPC]_[TOBRA],TOBRADEX EYEDROPS 5ML
[SWCDJPC]_[TOBREX],TOBREX EYEDROPS
[SWCDJPC]_[TONI],TONIMER NOSE SPRAY
[SWCDJPC]_[TOOTH],TOOTHPASTE WITH BRUSH
[SWCDJPC]_[TOPA_25],TOPAMEX 25MG TABLET
[SWCDJPC]_[TOPA_50MG],TOPAMAX 50MG TABLET
[SWCDJPC]_[TOPICREM],TOPICREM
[SWCDJPC]_[TRACH],TRACHISAN LOZENGES
[SWCDJPC]_[TRAMADOL],TRAMADOL CAPSULE 50MG
[SWCDJPC]_[TRANX],CAP TRANXENE 5MG
[SWCDJPC]_[TRIHEX],APO-TRIHEX
[SWCDJPC]_[TRILU],TRI-LUMA CREAM 15G
[SWCDJPC]_[TROP],TROPEX EARDROPS
[SWCDJPC]_[TS30],TINTED SUNBLOCK SPF 30
[SWCDJPC]_[TSCAN],THERMOSCAN BRAUN
[SWCDJPC]_[TWINRIX],HEP A & B VACCINE
[SWCDJPC]_[TYPHOI],TPI-TYPHOID INJECTION
[SWCDJPC]_[UBAG],URINE BAG
[SWCDJPC]_[UCM],UNIVERSAL CLEANSING MILK
[SWCDJPC]_[URINE_BAG],URINE COLLECTOR BAG
[SWCDJPC]_[VA],VAYARIN 167MG
[SWCDJPC]_[VALT],TAB VALTREX 500MG
[SWCDJPC]_[VAXI],INF-INFLUENZA 0.5ML
[SWCDJPC]_[VAXI_TE],VAXIGRIP TETRA 0.5MLS
[SWCDJPC]_[VAXI2],INF-INFLUENZA
[SWCDJPC]_[VCOG],VAYACOG (VCOG)
[SWCDJPC]_[VEN200],VENTOLIN 200MCG ACCUHALER
[SWCDJPC]_[VENIH],VENTOLIN EVOHALER
[SWCDJPC]_[VENNS],VENTOLIN NEBULISING SOLUTION
[SWCDJPC]_[VENS],VENTOLIN SYRUP 2MG/5ML
[SWCDJPC]_[VENT],VENTOLIN TABLET 2MG
[SWCDJPC]_[VERCEF],VERCEF SUSPENSION 125MG/5ML
[SWCDJPC]_[VERRUL],VERRUMAL
[SWCDJPC]_[VIDAL],VIDALYN VITAMIN TABLET
[SWCDJPC]_[VIDAYLIN],VIDAYLIN MINI BEAR(60 GUMMIES)
[SWCDJPC]_[VIK],VIVOMIXX KIDS SAC
[SWCDJPC]_[VIT_D3],VITAMIN D3
[SWCDJPC]_[VITB6],VIT B-6 100MG
[SWCDJPC]_[VITC15],VITAMIN C 15
[SWCDJPC]_[VITK1],KONAKION
[SWCDJPC]_[VIVA],VIVABON SYRUP
[SWCDJPC]_[VIVOT],TPO-TYPHOID ORAL
[SWCDJPC]_[VOG_50G],VOLTAREN EMUGEL 50G
[SWCDJPC]_[VOGEL],VOLTAREN EMULGEL/VOREN GEL NOV
[SWCDJPC]_[VOSU1],VOLTAREN/ VOREN SUPPOS 12.5MG
[SWCDJPC]_[VOSU2],VOLTAREN SUPPOS 25MG
[SWCDJPC]_[VOTAB],VOLTAREN TABLET 25MG
[SWCDJPC]_[VP2],VACCINATION PACKAGE 2
[SWCDJPC]_[VP3],VACCINATION PACKAGE 3
[SWCDJPC]_[VP4],PACKAGE FOR ONE YEAR OLD
[SWCDJPC]_[VP6MTH],VACCINATION PACKAGE 6MONTH
[SWCDJPC]_[VPC],VACCINATION PACKAGE C
[SWCDJPC]_[VPD],HEXA VACCINATION PACKAGE D
[SWCDJPC]_[VPDA],HEXA VACCINATION PACKAGE DA
[SWCDJPC]_[VPRP],VAC PKG ROTARIX & PREVENAR
[SWCDJPC]_[VPRPA],VACCINATION PACKAGE VPRPA
[SWCDJPC]_[VPRPA2],VACCINATION PACKAGE(VPRPA2)
[SWCDJPC]_[VPS2],VACCINATION PACKAGE(VPSA2)
[SWCDJPC]_[VPSA],VACCINATION PACKAGE VPSA
[SWCDJPC]_[VPTP],VAC PKG ROTATEQ & PREVENAR
[SWCDJPC]_[WALE SYR],WALESOLONE 10MG/5ML SYRUP 100MLS
[SWCDJPC]_[WIPES],JB SKINCARE F FREE WIPES
[SWCDJPC]_[XANAX],TAB XANAX 0.5MG
[SWCDJPC]_[XIM__PENTA],PENTAXIM -DPT/HIB/IPV 5 IN 1
[SWCDJPC]_[XIMHEXA],HEXAXIM- DTAP-IPV-HIB-HEP B
[SWCDJPC]_[XYZAL],XYZAL TABLET 5MG
[SWCDJPC]_[YELLOW],YELLOW FEVER VACCINE
[SWCDJPC]_[ZAD],ZADITEN SYRUP 1MG/5ML(100ML)
[SWCDJPC]_[ZADIN],ZADINE SYRUP
[SWCDJPC]_[ZALAIN_20G],ZALAIN CREAM 20G
[SWCDJPC]_[ZANTT],ZANTAC TABLET
[SWCDJPC]_[ZEASO],ZEASORB POWDER
[SWCDJPC]_[ZELMAC],TAB ZELMEC 6MG
[SWCDJPC]_[ZENTAB],ZENTEL TABLET
[SWCDJPC]_[ZINC],ZINC PICOLINATE 50MG 100CAP
[SWCDJPC]_[ZINNAT],ZINNAT SUSPENSION 125MG/5ML
[SWCDJPC]_[ZITHS],ZITHROMAX 200MG/5ML
[SWCDJPC]_[ZITHT],ZITHROMAX TABLET 250MG
[SWCDJPC]_[ZO400],ZORAL TABLET 400MG
[SWCDJPC]_[ZOLOFT],TAB ZOLOFT 50MG
[SWCDJPC]_[ZOMIG],TAB ZOMIG 2.5MG
[SWCDJPC]_[ZORAL],ZORAL CREAM 10G
[SWCDJPC]_[ZORAX],ZORAX SUSPENSION 200MG/5ML
[SWCDJPC]_[ZOSTA],ZOSTAVAX 0.65ML
[SWCDJPC]_[ZOVIO],ZOVIRAX EYE OINTMENT 4.5GM
[SWCDJPC]_[ZOVIR],ZOVIRAX SUSPENSION
[SWCDJPC]_[ZOVIRAX],ZOVIRAX SUSPENSION 125ML
[SWCDJPC]_[ZYPREX],TAB ZYPREXA 10MG
[SWCDJPC]_[ZYR_SYR],ZYRTEC SYRUP -------75ML
[SWCDJPC]_[ZYRTEC],ZYRTEC ORAL DROPS
[SWCDJPC]_[CO_PAY],CO-PAYMENT
[SWCDJPC]_[IM],INTRAMUSCULAR INJECTION
[SWCDJPC]_[MAXALON],MAXALON INJECTION
[SWCDJPC]_[MTT__PAID],MANTOUX  (PREPAID)
[SWCDJPC]_[PAST_],Past injections
[SWCDJPC]_[PRESCR],PRESCRIPTION FEE
[SWCEGOBG]_[ACYC5],ACYCLOVIR CREAM USP 5% 2GM
[SWCEGOBG]_[ALB1],ALBOTHYL PESSARIES
[SWCEGOBG]_[AUG],AUGMENTIN 625MG
[SWCEGOBG]_[BGA],BIOGAIA-30S PROBIOTIC TABLET
[SWCEGOBG]_[BTP_1],BIEST1MG~PROG 20MG~TEST0.5MG
[SWCEGOBG]_[BTP_CAP],BIEST0.5TEST0.5 PROG 40MG
[SWCEGOBG]_[BTP_CAP3],BIEST.2MG.TEST.2MG.PROG40MG
[SWCEGOBG]_[BTP_CAPS_2],BIEST1MG.PROG40MG
[SWCEGOBG]_[BTP4],BIEST 2MG~PROG 20MG
[SWCEGOBG]_[BUST],BUSCOPAN 10 MG
[SWCEGOBG]_[CAR],CARDIPRIN 100
[SWCEGOBG]_[CHLOR],CHLORPHENIRAMINE 4MG
[SWCEGOBG]_[CLOM],CLOMIPHENE CITRATE 50MG
[SWCEGOBG]_[CYK],CYKLOKAPRON 500MG
[SWCEGOBG]_[DAF],DAFLON 500MG
[SWCEGOBG]_[DAN],DANZEN 10MG
[SWCEGOBG]_[DECA],DECAPEPTYL CR INJ 3.75MG/PAMORELIN 3.75MG
[SWCEGOBG]_[DECAN],DEXAMETHASONE NA PHOS 4MG/ML
[SWCEGOBG]_[DEPO],DEPO-PROVERA 150MG/3ML
[SWCEGOBG]_[DHAT],CO-TRIMOXAZOLE
[SWCEGOBG]_[DIA],DIANE 35
[SWCEGOBG]_[DIC],DICLECTIN(DR 10MG/10MG)
[SWCEGOBG]_[DUPT],DUPHASTON 10 MGM
[SWCEGOBG]_[EPAX],DHAXTRA SOFTGEL 30 S
[SWCEGOBG]_[EVRA],EVRA
[SWCEGOBG]_[FA5],FOLIC ACID 5MG
[SWCEGOBG]_[FLAGP],FLAGYSTATIN PESS
[SWCEGOBG]_[GAR9],GARDASIL 9
[SWCEGOBG]_[GTO],GYNO TRAVOGEN OVULES 600MG
[SWCEGOBG]_[GUAR],GUARDIX SOL 5G
[SWCEGOBG]_[LACT],DUPHALAC
[SWCEGOBG]_[LIG],LIGNOCAINE 1%
[SWCEGOBG]_[M375],MULTILOAD 375 CU
[SWCEGOBG]_[MALD],MALTOFER DROPS 30ML
[SWCEGOBG]_[MER],MERCILON
[SWCEGOBG]_[METOC],METOCLOPRAMIDE 10MG
[SWCEGOBG]_[MICRO],MICROFLOX 250MG(CIPROFLOXACIN)
[SWCEGOBG]_[MIR],MIRENA
[SWCEGOBG]_[MISO],MISOPROSTOL 200MCG
[SWCEGOBG]_[MUP],MUPIRAX OINTMENT
[SWCEGOBG]_[NC],NEODERM CREAM 15G
[SWCEGOBG]_[NEO],NEOGOBION
[SWCEGOBG]_[OB100],NEW OBIMIN 100S
[SWCEGOBG]_[OES],OESTROGEL 80G/TUBE
[SWCEGOBG]_[OVIDREL250],OVID
[SWCEGOBG]_[POST],POSTINOR-2
[SWCEGOBG]_[PROF],PROFERTIL
[SWCEGOBG]_[PROG],PROGYLUTON
[SWCEGOBG]_[PROGA2],PROGYNOVA 2MG
[SWCEGOBG]_[S_CAL_D],SUN CAL- D
[SWCEGOBG]_[SPO],SPORANOX 100MG
[SWCEGOBG]_[STRATA],STRATADERM GEL 10G
[SWCEGOBG]_[SUN],NORETHISTERONE 5MG
[SWCEGOBG]_[SYN],SYNFLEX 275MG
[SWCEGOBG]_[TESTO],TESTOSTERONE 0.5MG CAPS
[SWCEGOBG]_[TROC],BIEST 0.5MG~ PROG 40MG
[SWCEGOBG]_[URIS],URISPAS TAB 200MG
[SWCEGOBG]_[UTR],UTROGESTAN 100MG
[SWCEGOBG]_[VAGI],VAGIFEM TABLETS
[SWCEGOBG]_[VISA],VISANNE
[SWCEGOBG]_[VRG],VERAGEL-DMS TABLET
[SWCEGOBG]_[YAS],YASMIN
[SWCEGOBG]_[YAZ],YAZ
[SWCEGOBG]_[AI],ADMINISTER INJECTION
[SWCTPN]_[ACUGCAP],TRAMADOL 50MG
[SWCTPN]_[ADALAT],ADALAT LA 30MG TABLET
[SWCTPN]_[ALDARCR],ALDARA 5% CREAM
[SWCTPN]_[ANTAMIN],ANTAMIN (CHLORPHENIRAMINE) 4MG TABLET
[SWCTPN]_[ARCOX120],ARCOXIA 120MG TAB
[SWCTPN]_[ASMOL],ASMOL (SALBUTAMOL) 2MG TABLET
[SWCTPN]_[ASPIR100],ASPIRIN 100MG TAB
[SWCTPN]_[ATACA8],ATACAND 8MG TAB
[SWCTPN]_[AZIT500],AZMYCIN (AZITHROMYCIN) 500MG TAB
[SWCTPN]_[BABYSMA],BABYSMART
[SWCTPN]_[BELFISH],BELVEA PB FORTE 500MG 30'S
[SWCTPN]_[BELVE VEG],FISH OIL BELVEA VEGAN 30'S
[SWCTPN]_[BELVEA],BELVEA LUBRICANT GEL
[SWCTPN]_[BUFENC],BUFENCON (BETAMETASONE) INJ 5ML
[SWCTPN]_[CANDES],CANDESARTAN SDZ 8MG TABLET
[SWCTPN]_[CLAR50],CLARITHROMYCIN 50MG TAB 10'S
[SWCTPN]_[COG-MX CR],COGESIC MAX CREAM 25G
[SWCTPN]_[COTREN],COTREN VAG TABLET
[SWCTPN]_[CYCIN250],CIPROFLOXACIN 250MG
[SWCTPN]_[CYKL500],CYKLOKAPRON 500MG TAB
[SWCTPN]_[CYTOC200],CYTOTEC 200MCG TAB
[SWCTPN]_[DEXA4 INJ],DEXAMETHASONE 4MG/ML INJ
[SWCTPN]_[DICL10],DICLETIN 10MG TAB
[SWCTPN]_[DILAPAN],DILAPAN
[SWCTPN]_[DIVIGEL],ESTRADIOL GEL 1G/ DOSE 1MG
[SWCTPN]_[DOXY100],DOXYCYCLINE 100MG TAB
[SWCTPN]_[DRDERMAT],DR DERMATUS GEL 30G
[SWCTPN]_[DUPHAS],DUPHASTON 10MG TAB
[SWCTPN]_[DUPHL SYR],DUPHALAC ORAL SOLUTION 200ML
[SWCTPN]_[ESTA],ESTA AV CREAM
[SWCTPN]_[EVRA PTCH],EVRA PATCH
[SWCTPN]_[FENA250],FENAGESIC 250MG CAPS
[SWCTPN]_[FENFED],FENFEDRIN CAPSULE
[SWCTPN]_[FENU],FENUGREET FORMULA
[SWCTPN]_[FERIN],FERINJECT 50MG IRON 10ML /VIAL
[SWCTPN]_[FLEM625],FLEMING 625MG TAB
[SWCTPN]_[FLORX],FLORXINE SUPPL TAB
[SWCTPN]_[FLUM6 EFF],FLUIMUCIL A 600MG EFFERVESCENT TAB
[SWCTPN]_[FOLIC],FOLIC ACID 900MCG TABLET
[SWCTPN]_[FORTI],FORTIFERRUM IMMUNIX
[SWCTPN]_[FUCIDINOIT],FUCIDIN OINTMENT 2% 5GM
[SWCTPN]_[GARDS9 INJ],GARDASIL 9 VACC 0.5ML
[SWCTPN]_[IBERET],IBERET FOLIC 500 TAB
[SWCTPN]_[IMIN],IMIN 500MG
[SWCTPN]_[IRONYL],CARBONYL IRON WITH VITAMINS AND MINERAL 30'S
[SWCTPN]_[LACTEOL],LACTEOL FORT CAPSULE
[SWCTPN]_[LETRO],LETROZOLE 2.5MG
[SWCTPN]_[LEVOZ5],LEVOZINE (LEVOCETIRIZINE) FC 5MG TAB
[SWCTPN]_[LOCIKLINE],LEVOFLOXACIN 500MG
[SWCTPN]_[MAXIRON],MAXIRON SYRUP 200ML
[SWCTPN]_[MEDAZO],METRONIDAZOLE 200MG
[SWCTPN]_[MEDO250],METHYLDOPA 250MG TAB
[SWCTPN]_[MENF40],MENOFLAVON 40MG CAPS 30'S
[SWCTPN]_[MERCI],MERCILON TAB 21'S
[SWCTPN]_[METEOS],METEOSPASMYL CAP
[SWCTPN]_[MIFEGYNE],MIFEGYNE 200MG TAB
[SWCTPN]_[MIGQ10 CP],MIGRATE Q10 CAPS 30'S
[SWCTPN]_[MONUROL],MONUROL (FOSFOMYCIN) 3G SACH
[SWCTPN]_[MOXILEN],MOXILEN 500MG
[SWCTPN]_[NATALCR],DHA FISH OIL (NATAL CARE TRIPLUS) SOFTGEL 30'S
[SWCTPN]_[NEODERM],NEODERM (NEOMYCIN) CREAM 15G
[SWCTPN]_[NIFEDIP],NIFEDIPINE LA 30MG
[SWCTPN]_[OSTEOPL],OSTEO PLUS TABLET
[SWCTPN]_[OVIDREL],OVIDREL F-PEN 250MCG
[SWCTPN]_[PANA500],PANADOL 500MG TAB
[SWCTPN]_[PILEX OIN],PILEX OINTMENT 30G
[SWCTPN]_[PIRIM10 IN],PIRIMAT 10MG INJECTION
[SWCTPN]_[POLYG PES],POLYGYNAX PESSARY
[SWCTPN]_[POLYSILIC],POLYSILIC III SUSPEMSION 200ML
[SWCTPN]_[POSTI2],POSTINOR 2 (LEVORNOGESTREL) 0.75MG TAB
[SWCTPN]_[PRENA],PRENAVIT 30'S
[SWCTPN]_[PROGYL],PROGYLUTON TABS 21'S
[SWCTPN]_[PROLU DEPO],PROLUTON 250MG DEPOT INJ
[SWCTPN]_[PROURO],PRO URO CAPSULE
[SWCTPN]_[PROX],PROXEED INOSITOL WOMEN 6G X 30
[SWCTPN]_[PROXEMEN],PROXEED MEN
[SWCTPN]_[PULIN INJ],INJECTION PULIN
[SWCTPN]_[PULIN10],PULIN (METOCLOPRAMIDE) 10MG TAB
[SWCTPN]_[PULMOX500],PULMOXYL 500MG CAP
[SWCTPN]_[RAPID],RAPID-D WITH CALCIFEDIOL 30'S
[SWCTPN]_[RENALFOR],RENAL FORMULA TABLET
[SWCTPN]_[RHOGAM],HYPERRHO (IMMUNOGLOBULIN RHO(D) )1500IU
[SWCTPN]_[SANGOB],SANGOBION CAPS
[SWCTPN]_[SANGRIL],SANGRIL TABLET
[SWCTPN]_[SED-DM SYR],SEDILIX-DM COUGH SYRUP 90ML
[SWCTPN]_[SHEWASH],SHE'S CLEAN INTIMATE WASH 80G
[SWCTPN]_[SIMCO],SIMCONE CHEWABLE TAB 80MG
[SWCTPN]_[SPOR100],SPORANOX 100MG
[SWCTPN]_[SUNCAL],SUN CAL D CALCIUM 450MG WITH VIT D
[SWCTPN]_[SUNOLUT],NORETHISTERONE 5MG
[SWCTPN]_[TAMI75],TAMIFLU 75MG CAPS
[SWCTPN]_[TDAP INJ],BOOSTRIX (TDAP) VACCINE INJ
[SWCTPN]_[TELF180],TELFAST 180MG TABLET
[SWCTPN]_[TRAMODOL],TRAMADOL 50MG INJ
[SWCTPN]_[TRANA],TRANACIX 30G
[SWCTPN]_[TRANTA],TRANTALOL 100MG
[SWCTPN]_[TREX10 INJ],TREXOFIN 1GM
[SWCTPN]_[TRUTOL],TRUTOL GLUCOSE 75GM
[SWCTPN]_[TS6DOU],TS6 DOUCHE 250ML
[SWCTPN]_[TS6GEL],TS6 GEL 7ML
[SWCTPN]_[TS6MOUSSE],TS6 CLEANSING MOUSSE 180G
[SWCTPN]_[UNITRAC],UNITRAC 100MG CAPSULE
[SWCTPN]_[URAL],URAL EFFERVESCENT GRANULES 4GM
[SWCTPN]_[UTRO100],UTROGESTON 100MG CAP
[SWCTPN]_[VAGIFEM],VAGIFEM VAGINAL TABLET 10MCG
[SWCTPN]_[VALOVIR],VALACYCLOVIR 500MG
[SWCTPN]_[VIRLSSCR],VIRLESS CREAM 5G
[SWCTPN]_[VISAN2],VISANNE 2MG TAB
[SWCTPN]_[VITD3],D3 1000 IU VEGETARIAN SOFTGEL
[SWCTPN]_[YASMIN],YASMIN TABLET 21S'
[SWCTPN]_[YAZ],YAZ TABLET 28'S
[SWCTPN]_[ZALAINPES],ZALAIN (SERTACONAZOLE) 300MG VAG PESSARY
[SWCTPN]_[ZORAX400],ZORAX (ACYCLOVIR) 400MG TABLET
[SWCSMCWC]_[ACEMAX],ACEMAX SOFTGEL 30'S
[SWCSMCWC]_[ACTIVA SYM],ACTIVA SYMBIOTIC GYN (PROBIOTICS)
[SWCSMCWC]_[ACYCLO400],ACYCLOVIR STADA 400MG TAB 35'S
[SWCSMCWC]_[AMOX250],AMOXICILLIN 250MG CAPS
[SWCSMCWC]_[APO-ZOPLI],APO-ZOPLICONE 7.5MG TAB 100'S
[SWCSMCWC]_[ARCOX60],ARCOXIA 60MG TAB
[SWCSMCWC]_[ARCOX90],ARCOXIA 90MG TAB
[SWCSMCWC]_[AROMAG],AROMAG ANTACID MIXTURE 100ML
[SWCSMCWC]_[AUG10],AUGMENTIN 625MG 10'S
[SWCSMCWC]_[AUG14],AUGMENTIN 625MG 14'S
[SWCSMCWC]_[AZMY500],AZMYCIN (AZITHROMYCIN) 500MG TAB
[SWCSMCWC]_[BABYFIRST],BABY FIRST PLUS (30'S)
[SWCSMCWC]_[BOOST INJ],BOOSTRIX (TDAP) VACCINE INJ
[SWCSMCWC]_[CALCD],CALCIUM WITH VITAMIN D 1000IU 60S
[SWCSMCWC]_[CEFALEXIN],CEFALEXIN 250MG
[SWCSMCWC]_[CERADEN],CERADAN ADVANCE MOISTURISING SKIN BARRIER CREAM 80G
[SWCSMCWC]_[CERRAZETTE],CERAZETTE 75MCG
[SWCSMCWC]_[CHLORA4],CHLORAMINE 4MG TAB
[SWCSMCWC]_[CLINDA300],CLINDAMYCIN 300MG TAB
[SWCSMCWC]_[COMBIDERM],COMBIDERM CREAM 15GM
[SWCSMCWC]_[CYKLO],CYKLOKAPRON 500MG (TRANEXAMIC ACID)
[SWCSMCWC]_[CYTOC200],CYTOTEC 200MCG TAB
[SWCSMCWC]_[DEXA4 INJ],DEXAMETHASONE 4MG/ML INJ
[SWCSMCWC]_[DHAXTRA],DHAXTRA SOFTGEL (815MG) 30S - DHA
[SWCSMCWC]_[DICL10],DICLETIN 10MG TAB
[SWCSMCWC]_[DIENOSIS],DIENOGEST TABLETS 2MG (DIENOSIS)
[SWCSMCWC]_[DIFLU150],DIFLUCAN 150MG CAP 1'S
[SWCSMCWC]_[DIPHEN SYR],DIPHENHYDRAMINE EXPECTORANT SYRUP 100ML
[SWCSMCWC]_[D-PRO INJ],DEPO PROVERA 150MG INJ
[SWCSMCWC]_[DRMTX GEL],DERMATIX ULTRA GEL
[SWCSMCWC]_[DUPHAS],DUPHASTON 10MG TAB
[SWCSMCWC]_[ELOMET],ELOMET 0.1% OINTMENT 15GR
[SWCSMCWC]_[FAMO20],FAMOTIDINE 20MG CAPS
[SWCSMCWC]_[FENA250],FENAGESIC 250MG CAPS
[SWCSMCWC]_[FLAGL PESS],FLAGYSTATIN 500MG VAGINAL PESS 10'S
[SWCSMCWC]_[FLX NH INJ],FLUARIX TETRA NH 0.5ML VACC
[SWCSMCWC]_[FLX SH INJ],FLUARIX TETRA SH 0.5ML VACC - 1 DOSE
[SWCSMCWC]_[FOL ACD],FOLIC ACID 5MG TAB
[SWCSMCWC]_[FUCID CR15],FUCIDIN CREAM 15GR
[SWCSMCWC]_[FYBO SCH],FYBOGEL SACH
[SWCSMCWC]_[GARDASIL],GARDASIL INJ 20MCG 0.5ML
[SWCSMCWC]_[GARDS9 INJ],GARDASIL 9 VACC 0.5ML
[SWCSMCWC]_[GEN02C],GENTRISONE CREAM 10GM
[SWCSMCWC]_[GLYPRIN],GLYPRIN 30 TABLETS
[SWCSMCWC]_[GUARDIX],GUARDIX SOL 1.5G
[SWCSMCWC]_[GYNOT PES],GYNO TRAVOGEN (ISOCONAZOLE) 600MG PESS
[SWCSMCWC]_[HYDROGEN],HYDROGEN PEROXIDE 3% SOLUTION
[SWCSMCWC]_[IM ANALPAN],ANALPAN 75MG/3ML INJECTION (DICLOFENAC)
[SWCSMCWC]_[IM PROG],IM PROGESTERONE 50MG/ML
[SWCSMCWC]_[KY JELLY],KY JELLY 100G
[SWCSMCWC]_[LACTUS SYR],LACTUS (LACTULOSE) SYR 200ML
[SWCSMCWC]_[LETRO2.5],LETROZOLE 2.5MG TAB
[SWCSMCWC]_[LIGNO2 GEL],LIGNOCAINE 2% GEL 10ML
[SWCSMCWC]_[LUCRIN],LUCRIN DEPOT PDS 3.75MG (LEUPRORELIN  ACETATE)
[SWCSMCWC]_[LUCRIN3],LUCRIN PDS 11.25MG INJ (3 DOSES)
[SWCSMCWC]_[MET250],METFORMIN 250MG TAB
[SWCSMCWC]_[METOCLO10],METOCLOPRAMIDE 10MG TAB
[SWCSMCWC]_[MICROG],MICROGYNON 20MG TAB
[SWCSMCWC]_[NEXPLANON],NEXPLANON (ETONOGESTREL IMPLANT) 68MG
[SWCSMCWC]_[NIZOLE],NIZOLE 200MG TAB (FLAGYL)
[SWCSMCWC]_[OESTROGEL],OESTROGEL 80G
[SWCSMCWC]_[OVIDREL],OVIDREL F-PEN 250MCG
[SWCSMCWC]_[PANA500],PANADOL 500MG TAB
[SWCSMCWC]_[POSTI2],POSTINOR 2 (LEVORNOGESTREL) 0.75MG TAB
[SWCSMCWC]_[PRENA],PRENAFORTE PRENATAL FORMULA 30'S
[SWCSMCWC]_[PROFERTIL],PROFERTIL CAPSULES (60 CAPS)
[SWCSMCWC]_[PROGYNOVA],PROGYNOVA TABLET 2MG 28'S
[SWCSMCWC]_[PROMETHA],IM PROMETHAZINE
[SWCSMCWC]_[PROVE10],PROVERA 10MG TAB
[SWCSMCWC]_[PULIN],PULIN (MAXALON) 10MG/2ML INJ
[SWCSMCWC]_[ROCE1 INJ],ROCEPHINE 1GR INJ
[SWCSMCWC]_[SANGO],SANGOBION CAPSULE
[SWCSMCWC]_[SILDE100],SILDEGRA (SILDENAFIL) 100MG TAB 4'S
[SWCSMCWC]_[SUNOL5],SUNOLUT 5MG TAB (NORETHISTERONE)
[SWCSMCWC]_[TRAM50],TRAMADOL 50MG CAPSULE
[SWCSMCWC]_[TRANTALOL],TRANTALOL 100MG TABS (LABETOLOL)
[SWCSMCWC]_[TRAVO CR],TRAVOCORT CREAM 10G
[SWCSMCWC]_[URAL],URAL EFFERVESCENT GRANULES 4GM 28S
[SWCSMCWC]_[UTRO100],UTROGESTAN 100MG CAP 30'S
[SWCSMCWC]_[VACICLO500],VACICLOR 500MG TAB (VALACICLOVIR)
[SWCSMCWC]_[VAGIF PES],VAGIFEM 10MCG PESSARY
[SWCSMCWC]_[VISANNE],VISANNE
[SWCSMCWC]_[YASMIN],YASMIN TABLET 21'S
[SWCSMCWC]_[ZENPRO],ZENPRO 20MG CAPSULE 14'S (OMEPRAZOLE)
[SWCSFAC]_[AMOX],AMOXICILLIN 500 MG
[SWCSFAC]_[CURAM],CURAM 625 MG (AMOXICILLIN + CLAVULANIC ACID)
[SWCSFAC]_[DUPHASTON],DUPHASTON (DYDROGESTERONE) 10MG
[SWCSFAC]_[UTROGESTAN],UTROGESTAN (PROGESTERONE) 100 MG
[SWCSFAC]_[ARTkit],Covid-19 antigen home test kit
[SWCCCIVF]_[D0001],AMOXYCILLINE 250MG TABLET
[SWCCCIVF]_[D0002],CARDIPRIN 100MG TAB X 30 TAB
[SWCCCIVF]_[D0003],AUGMENTIN 625MG/TAB X 10 TABS
[SWCCCIVF]_[D0004],AUGMENTIN 1.2G/INJ.
[SWCCCIVF]_[D0005],ALBUTEIN 25% (25G)/100ML
[SWCCCIVF]_[D0006],BUSCOPAN 10MG
[SWCCCIVF]_[D0007],BUSCOPAN 20MG/INJ
[SWCCCIVF]_[D0008],CETROTIDE 0.25MG/ INJ
[SWCCCIVF]_[D0009],CURAM 625MG TABLETS
[SWCCCIVF]_[D0010],CHLORPHENIRAMINE (PIRITON) 4MG/TAB
[SWCCCIVF]_[D0011],CLOMID (CLOMIPHENE) 50MG TABLET 10'S
[SWCCCIVF]_[D0012],CYCLOGEST 400MG
[SWCCCIVF]_[D0013],DECAPEPTYL 3.75MG CR
[SWCCCIVF]_[D0015],DUPHASTON 10MG/TAB
[SWCCCIVF]_[D0017],FLAGYL (METRONIDAZOLE) 400MG/TAB
[SWCCCIVF]_[D0018],FOLIC ACID 5MG/TAB X 10 TABS
[SWCCCIVF]_[D0020],GONAL F 75IU
[SWCCCIVF]_[D0021],GONAL F 150IU
[SWCCCIVF]_[D0022],MICROGYNON X 21 TAB/BOX
[SWCCCIVF]_[D0023],IMMUVITAL 100/BOTTLE
[SWCCCIVF]_[D0024],IMMUVITAL 30/BOTTLE
[SWCCCIVF]_[D0027],VIVOMIXX 30 TABS/BOX
[SWCCCIVF]_[D0034],PROGESTERONE 50MG/AMP
[SWCCCIVF]_[D0035],PROGESTERONE 100MG/AMP
[SWCCCIVF]_[D0037],PROLUTON 250MG/AMP
[SWCCCIVF]_[D0038],PROVIRONUM 25MG/TAB
[SWCCCIVF]_[D0039],PUREGON 100IU
[SWCCCIVF]_[D0040],PUREGON 50IU
[SWCCCIVF]_[D0041],PROFERTIL 60 TABLETS
[SWCCCIVF]_[D0042],ACETAMINOPHEN 650MG SUPPOSITORY
[SWCCCIVF]_[D0045],STEMETIL (PROCHLORPERAZINE) 5MG/TAB
[SWCCCIVF]_[D0046],STEMETIL INJECTION 12.5MG/VIAL
[SWCCCIVF]_[D0047],SUPREFACT 5MG/VIAL
[SWCCCIVF]_[D0048],SUSTANON 250 TAB/BOTTLE
[SWCCCIVF]_[D0049],UTROGESTAN 100MG/TAB
[SWCCCIVF]_[D0050],DECAPETYL 0.1MG INJECTION
[SWCCCIVF]_[D0051],VOLTAREN 50MG/ SUPPOSITORY
[SWCCCIVF]_[D0052],VOLTAREN SR 100MG/VIAL
[SWCCCIVF]_[D0053],ZITHROMAX  250MG/TAB
[SWCCCIVF]_[D0054],GONAL F MULTIDOSE 1050IU/ML
[SWCCCIVF]_[D0055],PROPOFOL INJECTION 1% 200MG/20ML VIAL
[SWCCCIVF]_[D0056],CABERGOLINE/ DOSTINEX 0.5MG/TAB
[SWCCCIVF]_[D0057],TRAMAL  50MG/CAPSULES
[SWCCCIVF]_[D0058],SAIZEN 18IU/CARTRIDGE
[SWCCCIVF]_[D0059],CRINONE 8% PER VAGINAL GEL
[SWCCCIVF]_[D0061],BROMOCRIPTIN 2.5MG/TAB
[SWCCCIVF]_[D0062],MALTOFER~ 100MG TABLET
[SWCCCIVF]_[D0063],MAXALON 5MG/ML AMP
[SWCCCIVF]_[D0064],PROGYNOVA 2MG/TAB 28TABS/BOX
[SWCCCIVF]_[D0065],PROGYNOVA 1MG/TAB 28TABS/BOX
[SWCCCIVF]_[D0066],VOLTAREN  100MG/TAB
[SWCCCIVF]_[D0067],FEMARA 2.5MG/TAB
[SWCCCIVF]_[D0068],PRAMILET FA 30TABS/BOTTLE
[SWCCCIVF]_[D0069],PETHIDINE 50MG/ML AMP
[SWCCCIVF]_[D0070],FENTANYL 100MG/2ML INJ
[SWCCCIVF]_[D0071],XYLOCAINE 1%~ 50MG/5ML AMP
[SWCCCIVF]_[D0072],LUVERIS 75IU AMP
[SWCCCIVF]_[D0073],IMMUNOCAL / BOX
[SWCCCIVF]_[D0074],OBIMIN/BOTTLE
[SWCCCIVF]_[D0075],DOXYCYCLINE 100MG/TAB
[SWCCCIVF]_[D0076],NORETHISTERONE 5MG/TAB
[SWCCCIVF]_[D0077],VAGIFERM 10MCG/TAB
[SWCCCIVF]_[D0079],PUREGON 300IU/PEN
[SWCCCIVF]_[D0080],PUREGON 600IU/PEN
[SWCCCIVF]_[D0081],PRIMPERAN 10MG/SUPPOSITORY
[SWCCCIVF]_[D0082],METRONIDAZOLE 5MG/1ML INJ
[SWCCCIVF]_[D0083],OVIDREL 250MCGINJ.
[SWCCCIVF]_[D0084],YASMIN 21TABLETS
[SWCCCIVF]_[D0085],GONAL F PEN 300IU
[SWCCCIVF]_[D0086],GONAL F PEN 450IU
[SWCCCIVF]_[D0087],NORDETTE 21TAB/BOX
[SWCCCIVF]_[D0088],OESTROGEL TUBE
[SWCCCIVF]_[D0089],PIRITON TAB 4MG/TAB
[SWCCCIVF]_[D0090],METFORMIN 250MG/TAB X10 TABS
[SWCCCIVF]_[D0091],FRAXIPARINE 2850IU INJ.
[SWCCCIVF]_[D0092],DHASOLONE (PREDNISOLONE) 5MG TABLETS 10'S
[SWCCCIVF]_[D0093],IMMUNOCAL /PACKET
[SWCCCIVF]_[D0094],FLUCONAZOLE 150MG/SUP
[SWCCCIVF]_[D0095],SPORANOX TABLET
[SWCCCIVF]_[D0096],ZINNAT 250MG/TAB X 10 TABS
[SWCCCIVF]_[D0097],ZOFRAN 4MG/2ML
[SWCCCIVF]_[D0098],ULTRACARBON 250MG/TAB
[SWCCCIVF]_[D0099],ASPIRIN 75MG
[SWCCCIVF]_[D0100],CRANBERRY 50 CAPSULES X BOTTLE
[SWCCCIVF]_[D0101],PRIMPERAN 10MG TAB
[SWCCCIVF]_[D0103],DHAXTRA SOFTGEL X 30
[SWCCCIVF]_[D0104],CERNEVIT & DEXTROSE
[SWCCCIVF]_[D0105],GONAL F PEN 900IU
[SWCCCIVF]_[D0106],METOCLOPRAMIDE 10MG/TAB
[SWCCCIVF]_[D0107],MENOPUR MULTIDOSE 600IU
[SWCCCIVF]_[D0108],MARVELON 28TABLETS/PACK
[SWCCCIVF]_[D0109],ANDRIOL TESTOCAPS 40MG/TAB
[SWCCCIVF]_[D0110],MENOPUR 75IU/ AMP
[SWCCCIVF]_[D0111],ENDOMETRIN 100MG/TAB
[SWCCCIVF]_[D0112],CITRAVESCENT
[SWCCCIVF]_[D0113],CLEXANE 2000IU/INJ
[SWCCCIVF]_[D0114],PRENAFORTE 30 TAB/BOTTLE
[SWCCCIVF]_[D0115],CO-ENZYME Q10 30TABS/BOTTLE
[SWCCCIVF]_[D0116],SUNCAL-D 10 TABS
[SWCCCIVF]_[D0117],APPETON MV21G + SELENIUM 30TABS/BOX
[SWCCCIVF]_[D0118],ESTROFERM 2MG/TAB X 28 TAB
[SWCCCIVF]_[D0119],VAGIFEM 10MG/TAB
[SWCCCIVF]_[D0120],PARACETAMOL 500MG/TAB
[SWCCCIVF]_[D0121],SUSTANON INJECTION 250MG/ML
[SWCCCIVF]_[D0123],ZOMACTON 4MG/VIAL
[SWCCCIVF]_[D0124],IV SOLUTION DRIP
[SWCCCIVF]_[D0125],FLUIMUCIL 600MG/EFFERVESCENT
[SWCCCIVF]_[D0126],LANOXIN (DIGOXIN) 0.5MG/2MLS
[SWCCCIVF]_[D0127],LIGNOCAINE INJECTION 1% (50MCG IN 5MLS)
[SWCCCIVF]_[D0128],MIDAZOLAM 5MG/5ML INJ
[SWCCCIVF]_[D0129],MILK CALCIUM 60 TABLETS
[SWCCCIVF]_[D0130],PROMETHAZINE HYDROCHLORIDE INJ 50MCG/2MLS
[SWCCCIVF]_[D0131],CURAM 1200MG INJ
[SWCCCIVF]_[D0132],GLYPRIN DISPERSIBLE TABLETS 30'S
[SWCCCIVF]_[D0133],ANDROGEL 50MG SACHETS
[SWCCCIVF]_[D0134],ORGALUTRAN 0.25MG ING
[SWCCCIVF]_[D0135],LETROZOLE MEVON 2.5MG TAB
[SWCCCIVF]_[D0137],ASPIRIN 100MG TABLET 30'S
[SWCCCIVF]_[D0138],PAMORELIN 3.75MG INJECTION
[SWCCIVF]_[CM0017],Anaesthetic meds
[SWCPAIRC]_[ACARIZ],ACARIZAX 30'S
[SWCPAIRC]_[ACTEM INJ],SC ACTEMRA 162MG/0.9 ML INJECTION
[SWCPAIRC]_[ADACELIPV],ADACEL POLIO VACCINE
[SWCPAIRC]_[ADREN INJ],ADRENALINE 1:1000 INJ
[SWCPAIRC]_[ALLERGIKA],ALLERGIKA MILBENSTOP SPRAY (500MLS)
[SWCPAIRC]_[ANAREX],ANAREX 450MG TAB
[SWCPAIRC]_[APTAMIL],APTAMIL ALLERPRO GOLD + (400G)
[SWCPAIRC]_[AUG ES SYR],AUGMENTIN ES 642.9MG/5ML SYRUP 100ML
[SWCPAIRC]_[AUG14],AUGMENTIN 625MG 14'S TAB
[SWCPAIRC]_[AVAMY 120],AVAMYS NASAL SPRAY 120 DOSES
[SWCPAIRC]_[AZATHIOPR],AZATHIOPRINE PCH (50MG)
[SWCPAIRC]_[BANEO PWD],BANEOCIN (BACITRACIN) POWDER 10G
[SWCPAIRC]_[BENTRIO],BENTRIO NASAL SPRAY
[SWCPAIRC]_[BIFID3],BIFIBABY PROBIOTIC DROPS PLUS D3
[SWCPAIRC]_[BILAX10],BILAXTEN ODT 10MG
[SWCPAIRC]_[BILAX20],BILAXTEN 20MG
[SWCPAIRC]_[BIOD INGEL],BIODERMA ATODERM INTENSIVE BAUME 500ML
[SWCPAIRC]_[BIODBAUME],BIODERMA ATODERM INTENSIVE GEL MOUSSANT 500ML
[SWCPAIRC]_[BIODROP],BIOGAIA BABY DROPS WITH VIT D 5ML
[SWCPAIRC]_[BIOFLOR],BIOFLOR 250MG
[SWCPAIRC]_[BIOG CHW L],BIOGAIA CHEWABLE TABLET (LEMON)
[SWCPAIRC]_[BIOG CHW S],BIOGAIA  CHEWABLE TABLET (STRAWBERRY)
[SWCPAIRC]_[BOYA CL300],BOYAN-I CLEANSER 300ML
[SWCPAIRC]_[BOYA CR100],BOYAN-I CREAM 100ML
[SWCPAIRC]_[BOYA LO150],BOYAN I LOTION 150ML
[SWCPAIRC]_[BRU100 SYR],BRUFEN (IBUPROFEN) 100MG/5ML SYRUP
[SWCPAIRC]_[CAVILON],CAVILON NO STING BARRIER FILM SPRAY
[SWCPAIRC]_[CEPHA125],CEPHALEXIN 125MG / 5ML (SOFILEX)
[SWCPAIRC]_[CERA-AD150],CERADAN ADVANCED CREAM 150G
[SWCPAIRC]_[CERA-DP CR],CERADAN DIAPER CREAM 50G
[SWCPAIRC]_[CHLM SYR],CHLORMINE 4MG/5ML SYRUP 100ML
[SWCPAIRC]_[CILOXAN],CILOXAN EYE AND EAR DROP 5ML
[SWCPAIRC]_[COLCI06],COLCITEX 0.6MG
[SWCPAIRC]_[COMBD CR],COMBIDERM CREAM 15G
[SWCPAIRC]_[D50 INJ],DEXTROSE 5% NACL 0.45% 500ML (BAG)
[SWCPAIRC]_[DAKTC OGEL],DAKTARIN ORAL GEL 15G
[SWCPAIRC]_[DESOW LOT],DESOWEN LOTION 0.05% / 60ML
[SWCPAIRC]_[DMOL25 SYR],DHAMOL 250MG/5ML ORAL SUSPENSION 60ML
[SWCPAIRC]_[DOMP SUP],DOMPER 10MG SUPPOSITORY
[SWCPAIRC]_[DUPHL SYR],DUPHALAC ORAL SOLUTION 200ML
[SWCPAIRC]_[DYMIS NSP],DYMISTA NASAL SPRAY 17ML
[SWCPAIRC]_[ECZBOMOIST],CETAPHIL PRO ECZEMA BODY MOIST FOAM 100ML
[SWCPAIRC]_[EFFIC LIPO],EFFICORT LIPOCREAM 0.127% 30G
[SWCPAIRC]_[ELIDEL CR],ELIDEL CREAM 1% 15G
[SWCPAIRC]_[EMLA],EMLA CREAM 5G
[SWCPAIRC]_[EMT2.5],EMTHEXATE (METHOTREXATE) 2.5MG TABLET
[SWCPAIRC]_[ENBR INJ],ENBREL 50MG  INJ
[SWCPAIRC]_[EPIPEN.15],EPIPEN PAED 0.15MG
[SWCPAIRC]_[EPIPEN0.3],EPIPEN ADULT 0.3MG
[SWCPAIRC]_[FLIX50 EVH],FLIXOTIDE EVOHALER 50MCG (120 DOSES)
[SWCPAIRC]_[FLUM1 EFF],FLUIMUCIL 100MG EFFERVESCENT SACH
[SWCPAIRC]_[FLX INJ],FLUARIX TETRA  0.5ML VACC
[SWCPAIRC]_[FUCID OIN5],FUCIDIN OINTMENT 5G
[SWCPAIRC]_[FUCIDH CR5],FUCIDIN H CREAM 5G
[SWCPAIRC]_[FUCILIPI],FUCICORT LIPID CREAM 15G
[SWCPAIRC]_[FUCITHAL],FUCITHALMIC  EYE DROPS
[SWCPAIRC]_[HAV INJ PD],HAVRIX (HEP A) 720EL.U PAED INJ
[SWCPAIRC]_[HEXAX INJ],HEXAXIM (DTPA-IPV-HBV-HIB) VACC
[SWCPAIRC]_[HIDR30 SCH],HIDRASEC 30MG SACH
[SWCPAIRC]_[HIZEN 1GM],HIZENTRA 1GM
[SWCPAIRC]_[HIZEN 2GM],HIZENTRA (IMMUNOGLB) 20% SC INJ 2GR
[SWCPAIRC]_[HUMIRA],HUMIRA 40MG
[SWCPAIRC]_[HYDC10 INJ],HYDROCORTISONE 100MG INJ
[SWCPAIRC]_[HYDLD EYD],HYDRELO DUAL ACTION EYE DROP
[SWCPAIRC]_[HYDROXY],PLAQUENIL 200MG (HYDROXYCHLOROQUINE SULPPHATE)
[SWCPAIRC]_[ILIA01 ND],ILIADIN 0.01% NASAL DROP (INFANT)
[SWCPAIRC]_[IMMUNIX],FORTIFERRUM IMMUNIX
[SWCPAIRC]_[IMOJ INJ],IMOJEV (JAPANESE ENCEPHALITIS) VACCINE
[SWCPAIRC]_[INFRX INJ],INFANRIX HEXA (DTPA-IPV-HBV-HIB) VACC
[SWCPAIRC]_[INFX51 INJ],INFANRIX 5IN1 (DTP-POLIO-HIB) VACCINE
[SWCPAIRC]_[KALOB SYR],KALOBA SYR 100ML
[SWCPAIRC]_[KIDSC MOIS],KIDSCLIN BODY MOUSSE
[SWCPAIRC]_[KLAC25 SYR],KLACID 250MG/5ML ORAL SUSP
[SWCPAIRC]_[LAC GG CAP],LACTOGG PROBIOTIC CAPS 30'S
[SWCPAIRC]_[LMASK],LITETOUCH LARGE MASK
[SWCPAIRC]_[M MASK],LITETOUCH MEDIUM MASK
[SWCPAIRC]_[MALTO TAB],MALTOFER IRON ORAL TAB 30'S
[SWCPAIRC]_[MCTOIL],VALENS ENERSOS MCT OIL
[SWCPAIRC]_[MINICA],MINICA
[SWCPAIRC]_[MINISUN],MINISUN D3 TABLET 1000IU (25MCG) 100'S
[SWCPAIRC]_[MOSI],MOSIGUARD SPRAY
[SWCPAIRC]_[MOTIL],MOTILUM SUSPENSION
[SWCPAIRC]_[MYFORTI180],MYFORTIC 180MG
[SWCPAIRC]_[NASOG SPR],NASOGEL SPRAY 30ML
[SWCPAIRC]_[NASONNS140],NASONEX NASAL SPRAY 0.05% 140 DOSES
[SWCPAIRC]_[NEB MASK],NEBULIZER MASK DISP
[SWCPAIRC]_[NIMEN INJ],NIMENRIX (MENINGOCOCAAL ACW135Y) VACCINE
[SWCPAIRC]_[NUTRO],NUTROPLEX SYRUP 120ML
[SWCPAIRC]_[OMEPRA_SUS],OMEPRAZOLE SUSPENSION 2MG/ML
[SWCPAIRC]_[ONDAV INJO],ONDANSETRON (ONDAVELL) 4MG/2ML INJ/ORAL
[SWCPAIRC]_[OPTIC CHAM],OPTICHAMBER DIAMOND WITH MEDIUM MASK
[SWCPAIRC]_[ORAL AID],ORAL AID LOTION BOTT
[SWCPAIRC]_[ORAL P F],ORALTEK SPRAY  - D.P + D.F (M601 + M602)
[SWCPAIRC]_[ORAL P F T],ORALTEK SPRAY  - D.P + D.F + B.T (M601+M602+M608)
[SWCPAIRC]_[ORSTAB],O.R.S HYDRATION TAB - BLACKCURRANT
[SWCPAIRC]_[PATANOL],PATANOL (OLOPATADINE) 5ML EYE DROPS
[SWCPAIRC]_[PEANUT1],PEANUT SLIT 1:1 (5ML)
[SWCPAIRC]_[PEANUT10],PEANUT SLIT 1:10 (5ML)
[SWCPAIRC]_[PEANUT100],PEANUT SLIT 1:100 (5ML)
[SWCPAIRC]_[PEANUT1000],PEANUT SLIT 1:1000 (5ML)
[SWCPAIRC]_[PEANUT25],PEANUT SLIT 1:25 (5ML)
[SWCPAIRC]_[PEANUT5],PEANUT SLIT 1:5 (5ML)
[SWCPAIRC]_[PENTA INJ],PENTAXIM (DPT/HIB/IPV 5IN1) VACC
[SWCPAIRC]_[PHY AIBLM2],PHYSIOGEL CR  A.I. LIPID BALM 50ML X 2
[SWCPAIRC]_[PNE23 INJ],PNEUMOVAX 23 (PNEUMOCOCCAL) VACCINE
[SWCPAIRC]_[PRED20MG],PREDNISOLONE TABLETS 20MG
[SWCPAIRC]_[PRED5],PREDNISOLONE 5MG TAB
[SWCPAIRC]_[PREV13 INJ],PREVENAR 13 (PNEUMOCOCCAL) VACCINE
[SWCPAIRC]_[PRIO INJ],PRIORIX (MMR) VACCINE
[SWCPAIRC]_[PROGC 500],PROGESIC  500MG TAB
[SWCPAIRC]_[PROGSY],PROGESIC SYRUP - PARACETAMOL SY
[SWCPAIRC]_[PROMTH INJ],PROMETHAZINE 50MG/2ML INJ
[SWCPAIRC]_[PROT03 OIN],PROTOPIC 0.03% OINTMENT 10G
[SWCPAIRC]_[PROT10 OIN],PROTOPIC 0.1% OINTMENT 10G
[SWCPAIRC]_[QV FLARE],QV FLARE-UP BATH OIL
[SWCPAIRC]_[QVOINT],QV INTENSIVE WITH CERAMIDES OINTMENT 200G
[SWCPAIRC]_[RELIZCR],RELIZEMA CREAM 100ML
[SWCPAIRC]_[RELIZEMA],RELIZEMA CREAM 40ML
[SWCPAIRC]_[RELIZLOT],RELIZEMA ULTRA HYDRATING LOTION 400ML
[SWCPAIRC]_[RELIZWASH],RELIZEMA LIPID REPLENSHING CLEANSER (400MLS)
[SWCPAIRC]_[REPAIR],AWEMED REPAIR AND DAILY MOSITURISER
[SWCPAIRC]_[RITUXIMAB],RITUXIMAB
[SWCPAIRC]_[ROTRX INJ],ROTARIX ORAL VACCINE
[SWCPAIRC]_[RUPAF SYR],RUPAFIN 1MG/ML ORAL SOLUTION
[SWCPAIRC]_[S MASK],LITETOUCH SMALL MASK
[SWCPAIRC]_[SALBA INH],SALBUAIR 100MCG INHALER 200 DOSES
[SWCPAIRC]_[SAMB B SYR],SAMBUCOL BLACK ELDERBERRY SYRUP 120ML
[SWCPAIRC]_[SAMDROP],SAMBUCOL BLACK ELDERBERRY DROPS FOR BABY
[SWCPAIRC]_[SEBCL CR],SEBCLAIR CREAM 30ML
[SWCPAIRC]_[SINGL SCH],SINGULAIR ORAL GRANULES 4MG
[SWCPAIRC]_[SINGL10],SINGULAIR 10MG TABLET
[SWCPAIRC]_[SINGL5],SINGULAIR 5MG CHEWABLE TABLET
[SWCPAIRC]_[SINO ADU],SINOMARIN NASAL SPRAY
[SWCPAIRC]_[SLIM3],SLIM SLIT DER P AND DER F AND BT
[SWCPAIRC]_[SLIMDPF],SLIM SLIT DER P AND DER F
[SWCPAIRC]_[SODCL SOL1],SODIUM CHLORIDE 0.9% 10ML
[SWCPAIRC]_[STAMARIL],STAMARIL YELLOW FEVER VAC
[SWCPAIRC]_[SYMR80225],SYMBICORT RAPIHALER 80/2.25MCG (120 DOSES)
[SWCPAIRC]_[TAMI30],TAMIFLU 30MG CAPS
[SWCPAIRC]_[TAMI45],TAMIFLU 45MG CAPS
[SWCPAIRC]_[TDAP INJ],BOOSTRIX (TDAP) VACCINE INJ
[SWCPAIRC]_[TOBREX],TOBREX EYE DROP 0.3% 5ML
[SWCPAIRC]_[TRUEMENBA],TRUEMENBA  0.5ML INJ
[SWCPAIRC]_[TUBI GREEN],TUBIFAST GREEN 3M
[SWCPAIRC]_[TWINRIX],TWINRIX ADULT
[SWCPAIRC]_[VARIL INJ],VARILRIX  VACCINE
[SWCPAIRC]_[VEN0.1 INH],VENTOLIN EVOHALER 100MCG (200 DOSES)
[SWCPAIRC]_[VEN2 SYR],VENTOLIN SYRUP 2MG /5ML (100ML)
[SWCPAIRC]_[VEN5.0 RES],VENTOLIN RESPIRATOR SOLUTION 5MG/ML (10ML)
[SWCPAIRC]_[VOREN25],REMETHAN (DICLOFENAC) 25MG TABLET
[SWCPAIRC]_[XYZAL5],XYZAL 5MG TABLET
[SWCPAIRC]_[ZARICT CR],ZARICORT CREAM 15G
[SWCPAIRC]_[ZIT200 SYR],ZITHROMAX (AZITHROMYCIN) SUSPENSION 200MG/5ML (15ML
[SWCPAIRC]_[ZYRT DRP],ZYRTEC ORAL DROPS 10MG 10ML
[SWCPAIRC]_[ZYRT SYR],ZYRTEC SOLUTION 1MG/ML 75ML
[SWCGHC]_[ACETYLCSTEINE 600MG],ACETYLCSTEINE
[SWCGHC]_[ACTAL 500MG],ACTAL
[SWCGHC]_[ANAREX 485MG],ANAREX
[SWCGHC]_[AUGMENTIN],AUGMENTIN 625MG
[SWCGHC]_[BACTRIM 500MG],BACTRIM
[SWCGHC]_[BACTROBAN OINTMENT 5G],BACTROBAN
[SWCGHC]_[BANEOCIN POWDER 10G],BANEOCIN
[SWCGHC]_[BETNOVATE CREAM 15G],BETNOVATE
[SWCGHC]_[BMycin Cream],BMycin Cream
[SWCGHC]_[BOOSTRIX 0.5ML],BOOSTRIX
[SWCGHC]_[BROMOCRIPTIN 2.5MG],BROMOCRIPTIN
[SWCGHC]_[BUSCOPAN 2MG],BUSCOPAN
[SWCGHC]_[CALCIUM 300MG],CALCIUM
[SWCGHC]_[CANDID V6],CANDID V6
[SWCGHC]_[CANDITRAL 100MG],CANDITRAL
[SWCGHC]_[CARDIPRIN 100MG],CARDIPRIN
[SWCGHC]_[CIPROFLOXACIN 500MG],CIPROFLOXACIN
[SWCGHC]_[CITRAVESCENT 4G],CITRAVESCENT
[SWCGHC]_[CLOMID 50MG],CLOMID
[SWCGHC]_[CODIPRONT 30MG],CODIPRONT
[SWCGHC]_[CYTOTEC 200MCG],CYTOTEC
[SWCGHC]_[DANAZOL 200MG],DANAZOL
[SWCGHC]_[DEPO PROVERA 150MG],DEPO PROVERA
[SWCGHC]_[DEXASONE 5MG/ML],DEXASONE 5MG/ML
[SWCGHC]_[DHA],DHA
[SWCGHC]_[DHASEDYL 90ML],DHASEDYL
[SWCGHC]_[DIANE 35],DIANE35
[SWCGHC]_[DICLECTIN 10MG],DICLECTIN
[SWCGHC]_[DIENOSIS],DIENOSIS
[SWCGHC]_[DIFFLAM LOZENGES],DIFFLAM
[SWCGHC]_[DOSTINEX 0.5MG],DOSTINEX
[SWCGHC]_[DOXYCYCLINE 100MG],DOXYCYCLINE
[SWCGHC]_[DUPHASTON 10MG],DUPHASTON
[SWCGHC]_[DURO TUSS DRY COUGH 1 BOX],DURO TUSS DRY COUGH
[SWCGHC]_[DURO TUSS EXPECTORANT 200ML],DURO TUSS EXPECTORANT
[SWCGHC]_[EUSOL LOTION 120ML],EUSOL LOTION
[SWCGHC]_[EVRA PATCHES],EVRA PATCHES
[SWCGHC]_[FLAGYL 200MG],FLAGYL
[SWCGHC]_[FOLIC ACID 5MG],FOLIC ACID
[SWCGHC]_[GARDASIL 9],GARDASIL 9
[SWCGHC]_[GAVISCON ADVANCE],GAVISCON ADVANCE
[SWCGHC]_[GLUCOPHAGE 850MG],GLUCOPHAGE 850MG
[SWCGHC]_[HEMOPLEX[IRON]],HEMOPLEX[IRON]
[SWCGHC]_[IMPLANON NXT],IMPLANON NXT
[SWCGHC]_[INTRATHECAL],INTRATHECAL
[SWCGHC]_[KY JELLY],KY
[SWCGHC]_[LACTUS SYRUP 200ML],LACTUS
[SWCGHC]_[LETROVITAE 2.5MG],LETROVITAE 2.5MG
[SWCGHC]_[LIVIAL 2.5MG],LIVIAL
[SWCGHC]_[LOMOTIL 2.5MG],LOMOTIL
[SWCGHC]_[MENOPACE],MENOPACE
[SWCGHC]_[MERCILON],MERCILON
[SWCGHC]_[MERCILON [6TABS]],MERCILON [6TABS]
[SWCGHC]_[METHYLDOPA 250MG],METHYLDOPA
[SWCGHC]_[MIFEPRISTONE (RU486)],MIFEPRISTONE
[SWCGHC]_[MIRENA],MIRENA
[SWCGHC]_[MOISTURISING CREAM],MOISTURISING
[SWCGHC]_[MULTI-SAFE 375 CU IUD],MULTI-SAFE IUCD
[SWCGHC]_[NAPROXEN 275MG],NAPROXEN
[SWCGHC]_[NEODERM CREAM],NEODERM
[SWCGHC]_[NORTHISTERONE 5MG],NORTHISTERONE
[SWCGHC]_[PANADOL 500MG],PANADOL
[SWCGHC]_[PIRITON 4MG],PIRITON
[SWCGHC]_[PONSTAN 250MG],PONSTAN
[SWCGHC]_[PREMARINE CREAM 14G],PREMARINE CREAM
[SWCGHC]_[PRENATAL],PRENATAL
[SWCGHC]_[PROCTOSEDY SUPP],PROCTOSEDYL SUPP
[SWCGHC]_[PROGYLUTON],PROGYLUTON
[SWCGHC]_[PROLUTON 250MG JAB],PROLUTON 250MG JAB
[SWCGHC]_[PULIN 10MG],PULIN
[SWCGHC]_[QLAIRA],QLAIRA
[SWCGHC]_[ROCEPHIN],ROCEPHIN
[SWCGHC]_[SALBUTAMOL 2MG],SALBUTAMOL
[SWCGHC]_[SENNA 7.5MG],SENNA
[SWCGHC]_[SMECTA 3G],SMECTA
[SWCGHC]_[SUPIROCIN OINTMENT],SUPIROCIN
[SWCGHC]_[URAL],URAL
[SWCGHC]_[UTROGESTAN 100MG],UTROGESTAN
[SWCGHC]_[VENOFER 100MG/5ML],VENOFER 100MG/5ML
[SWCGHC]_[YASMIN],YASMIN
[SWCGHC]_[YAZ],YAZ
[SWCGHC]_[ZALAIN 300MG],ZALAIN
[SWCGHC]_[ZORAL CREAM 10G],ZORAL CREAM
